2025-08-17 04:03:37 Error: [MissingModelException] Agendamento_query
Request URL: /samed/admin/agendamento/index/gerdau
Stack Trace:
#0 D:\projetos\samed\lib\Cake\Controller\Controller.php(1115): PaginatorComponent->paginate('Agendamento_que...', Array, Array)
#1 D:\projetos\samed\app\Controller\AgendamentoController.php(274): Controller->paginate('Agendamento_que...')
#2 [internal function]: AgendamentoController->admin_index('gerdau')
#3 D:\projetos\samed\lib\Cake\Controller\Controller.php(490): ReflectionMethod->invokeArgs(Object(AgendamentoController), Array)
#4 D:\projetos\samed\lib\Cake\Routing\Dispatcher.php(185): Controller->invokeAction(Object(CakeRequest))
#5 D:\projetos\samed\lib\Cake\Routing\Dispatcher.php(160): Dispatcher->_invoke(Object(AgendamentoController), Object(CakeRequest), Object(CakeResponse))
#6 D:\projetos\samed\app\webroot\index.php(141): Dispatcher->dispatch(Object(CakeRequest), Object(CakeResponse))
#7 {main}
2025-08-17 04:03:38 Error: [MissingControllerException] Controller class CssController could not be found.
Exception Attributes: array (
  'class' => 'CssController',
  'plugin' => NULL,
)
Request URL: /samed/css/font-awesome.min.css
Stack Trace:
#0 D:\projetos\samed\app\webroot\index.php(141): Dispatcher->dispatch(Object(CakeRequest), Object(CakeResponse))
#1 {main}
2025-08-17 04:03:38 Error: [MissingControllerException] Controller class CssController could not be found.
Exception Attributes: array (
  'class' => 'CssController',
  'plugin' => NULL,
)
Request URL: /samed/css/bootstrap.min.css
Stack Trace:
#0 D:\projetos\samed\app\webroot\index.php(141): Dispatcher->dispatch(Object(CakeRequest), Object(CakeResponse))
#1 {main}
2025-08-17 04:03:38 Error: [MissingControllerException] Controller class CssController could not be found.
Exception Attributes: array (
  'class' => 'CssController',
  'plugin' => NULL,
)
Request URL: /samed/css/demo.css
Stack Trace:
#0 D:\projetos\samed\app\webroot\index.php(141): Dispatcher->dispatch(Object(CakeRequest), Object(CakeResponse))
#1 {main}
2025-08-17 04:03:38 Error: [MissingControllerException] Controller class CssController could not be found.
Exception Attributes: array (
  'class' => 'CssController',
  'plugin' => NULL,
)
Request URL: /samed/css/smartadmin-production.css
Stack Trace:
#0 D:\projetos\samed\app\webroot\index.php(141): Dispatcher->dispatch(Object(CakeRequest), Object(CakeResponse))
#1 {main}
2025-08-17 04:03:38 Error: [MissingControllerException] Controller class CssController could not be found.
Exception Attributes: array (
  'class' => 'CssController',
  'plugin' => NULL,
)
Request URL: /samed/css/smartadmin-skins.css
Stack Trace:
#0 D:\projetos\samed\app\webroot\index.php(141): Dispatcher->dispatch(Object(CakeRequest), Object(CakeResponse))
#1 {main}
2025-08-17 04:03:38 Error: [MissingControllerException] Controller class CssController could not be found.
Exception Attributes: array (
  'class' => 'CssController',
  'plugin' => NULL,
)
Request URL: /samed/css/font-google.css
Stack Trace:
#0 D:\projetos\samed\app\webroot\index.php(141): Dispatcher->dispatch(Object(CakeRequest), Object(CakeResponse))
#1 {main}
2025-08-17 04:03:38 Error: [MissingControllerException] Controller class JsController could not be found.
Exception Attributes: array (
  'class' => 'JsController',
  'plugin' => NULL,
)
Request URL: /samed/js/plugin/pace/pace.min.js
Stack Trace:
#0 D:\projetos\samed\app\webroot\index.php(141): Dispatcher->dispatch(Object(CakeRequest), Object(CakeResponse))
#1 {main}
2025-08-17 04:03:38 Error: [MissingControllerException] Controller class JsController could not be found.
Exception Attributes: array (
  'class' => 'JsController',
  'plugin' => NULL,
)
Request URL: /samed/js/jquery.min.js
Stack Trace:
#0 D:\projetos\samed\app\webroot\index.php(141): Dispatcher->dispatch(Object(CakeRequest), Object(CakeResponse))
#1 {main}
2025-08-17 04:03:38 Error: [MissingControllerException] Controller class JsController could not be found.
Exception Attributes: array (
  'class' => 'JsController',
  'plugin' => NULL,
)
Request URL: /samed/js/jquery-ui.min.js
Stack Trace:
#0 D:\projetos\samed\app\webroot\index.php(141): Dispatcher->dispatch(Object(CakeRequest), Object(CakeResponse))
#1 {main}
2025-08-17 04:03:38 Error: [MissingControllerException] Controller class JsController could not be found.
Exception Attributes: array (
  'class' => 'JsController',
  'plugin' => NULL,
)
Request URL: /samed/js/plugin/pace/pace.min.js
Stack Trace:
#0 D:\projetos\samed\app\webroot\index.php(141): Dispatcher->dispatch(Object(CakeRequest), Object(CakeResponse))
#1 {main}
2025-08-17 04:03:39 Error: [MissingControllerException] Controller class JsController could not be found.
Exception Attributes: array (
  'class' => 'JsController',
  'plugin' => NULL,
)
Request URL: /samed/js/jquery.min.js
Stack Trace:
#0 D:\projetos\samed\app\webroot\index.php(141): Dispatcher->dispatch(Object(CakeRequest), Object(CakeResponse))
#1 {main}
2025-08-17 04:03:39 Error: [MissingControllerException] Controller class JsController could not be found.
Exception Attributes: array (
  'class' => 'JsController',
  'plugin' => NULL,
)
Request URL: /samed/js/jquery-ui.min.js
Stack Trace:
#0 D:\projetos\samed\app\webroot\index.php(141): Dispatcher->dispatch(Object(CakeRequest), Object(CakeResponse))
#1 {main}
2025-08-17 04:27:26 Error: [PDOException] SQLSTATE[42000]: Syntax error or access violation: 1064 You have an error in your SQL syntax; check the manual that corresponds to your MySQL server version for the right syntax to use near 'WHERE `Beneficiario`.`cliente_id` IN ({$conditionCliente}) AND `Agendamento`.`st' at line 31
Request URL: /samed/admin/agendamento/index/gerdau
Stack Trace:
#0 D:\projetos\samed\lib\Cake\Model\Datasource\DboSource.php(458): PDOStatement->execute(Array)
#1 D:\projetos\samed\lib\Cake\Model\Datasource\DboSource.php(424): DboSource->_execute('??            S...', Array)
#2 D:\projetos\samed\lib\Cake\Model\Datasource\DboSource.php(665): DboSource->execute('??            S...', Array, Array)
#3 D:\projetos\samed\lib\Cake\Model\Datasource\DboSource.php(537): DboSource->fetchAll('??            S...')
#4 [internal function]: DboSource->query('??            S...')
#5 D:\projetos\samed\lib\Cake\Model\Model.php(3307): call_user_func_array(Array, Array)
#6 D:\projetos\samed\app\Model\Agendamento.php(96): Model->query('??            S...')
#7 D:\projetos\samed\lib\Cake\Controller\Component\PaginatorComponent.php(190): Agendamento->paginate(Array, NULL, Array, 10, 1, 1, Array)
#8 D:\projetos\samed\app\Controller\AgendamentoController.php(290): PaginatorComponent->paginate('Agendamento')
#9 [internal function]: AgendamentoController->admin_index('gerdau')
#10 D:\projetos\samed\lib\Cake\Controller\Controller.php(490): ReflectionMethod->invokeArgs(Object(AgendamentoController), Array)
#11 D:\projetos\samed\lib\Cake\Routing\Dispatcher.php(185): Controller->invokeAction(Object(CakeRequest))
#12 D:\projetos\samed\lib\Cake\Routing\Dispatcher.php(160): Dispatcher->_invoke(Object(AgendamentoController), Object(CakeRequest), Object(CakeResponse))
#13 D:\projetos\samed\app\webroot\index.php(141): Dispatcher->dispatch(Object(CakeRequest), Object(CakeResponse))
#14 {main}
2025-08-17 04:27:26 Error: [MissingControllerException] Controller class CssController could not be found.
Exception Attributes: array (
  'class' => 'CssController',
  'plugin' => NULL,
)
Request URL: /samed/css/bootstrap.min.css
Stack Trace:
#0 D:\projetos\samed\app\webroot\index.php(141): Dispatcher->dispatch(Object(CakeRequest), Object(CakeResponse))
#1 {main}
2025-08-17 04:27:26 Error: [MissingControllerException] Controller class CssController could not be found.
Exception Attributes: array (
  'class' => 'CssController',
  'plugin' => NULL,
)
Request URL: /samed/css/font-google.css
Stack Trace:
#0 D:\projetos\samed\app\webroot\index.php(141): Dispatcher->dispatch(Object(CakeRequest), Object(CakeResponse))
#1 {main}
2025-08-17 04:27:26 Error: [MissingControllerException] Controller class CssController could not be found.
Exception Attributes: array (
  'class' => 'CssController',
  'plugin' => NULL,
)
Request URL: /samed/css/font-awesome.min.css
Stack Trace:
#0 D:\projetos\samed\app\webroot\index.php(141): Dispatcher->dispatch(Object(CakeRequest), Object(CakeResponse))
#1 {main}
2025-08-17 04:27:26 Error: [MissingControllerException] Controller class CssController could not be found.
Exception Attributes: array (
  'class' => 'CssController',
  'plugin' => NULL,
)
Request URL: /samed/css/smartadmin-skins.css
Stack Trace:
#0 D:\projetos\samed\app\webroot\index.php(141): Dispatcher->dispatch(Object(CakeRequest), Object(CakeResponse))
#1 {main}
2025-08-17 04:27:26 Error: [MissingControllerException] Controller class CssController could not be found.
Exception Attributes: array (
  'class' => 'CssController',
  'plugin' => NULL,
)
Request URL: /samed/css/smartadmin-production.css
Stack Trace:
#0 D:\projetos\samed\app\webroot\index.php(141): Dispatcher->dispatch(Object(CakeRequest), Object(CakeResponse))
#1 {main}
2025-08-17 04:27:26 Error: [MissingControllerException] Controller class CssController could not be found.
Exception Attributes: array (
  'class' => 'CssController',
  'plugin' => NULL,
)
Request URL: /samed/css/demo.css
Stack Trace:
#0 D:\projetos\samed\app\webroot\index.php(141): Dispatcher->dispatch(Object(CakeRequest), Object(CakeResponse))
#1 {main}
2025-08-17 04:27:26 Error: [MissingControllerException] Controller class JsController could not be found.
Exception Attributes: array (
  'class' => 'JsController',
  'plugin' => NULL,
)
Request URL: /samed/js/plugin/pace/pace.min.js
Stack Trace:
#0 D:\projetos\samed\app\webroot\index.php(141): Dispatcher->dispatch(Object(CakeRequest), Object(CakeResponse))
#1 {main}
2025-08-17 04:27:27 Error: [MissingControllerException] Controller class JsController could not be found.
Exception Attributes: array (
  'class' => 'JsController',
  'plugin' => NULL,
)
Request URL: /samed/js/jquery.min.js
Stack Trace:
#0 D:\projetos\samed\app\webroot\index.php(141): Dispatcher->dispatch(Object(CakeRequest), Object(CakeResponse))
#1 {main}
2025-08-17 04:27:27 Error: [MissingControllerException] Controller class JsController could not be found.
Exception Attributes: array (
  'class' => 'JsController',
  'plugin' => NULL,
)
Request URL: /samed/js/jquery-ui.min.js
Stack Trace:
#0 D:\projetos\samed\app\webroot\index.php(141): Dispatcher->dispatch(Object(CakeRequest), Object(CakeResponse))
#1 {main}
2025-08-17 04:27:27 Error: [MissingControllerException] Controller class JsController could not be found.
Exception Attributes: array (
  'class' => 'JsController',
  'plugin' => NULL,
)
Request URL: /samed/js/plugin/pace/pace.min.js
Stack Trace:
#0 D:\projetos\samed\app\webroot\index.php(141): Dispatcher->dispatch(Object(CakeRequest), Object(CakeResponse))
#1 {main}
2025-08-17 04:27:27 Error: [MissingControllerException] Controller class JsController could not be found.
Exception Attributes: array (
  'class' => 'JsController',
  'plugin' => NULL,
)
Request URL: /samed/js/jquery.min.js
Stack Trace:
#0 D:\projetos\samed\app\webroot\index.php(141): Dispatcher->dispatch(Object(CakeRequest), Object(CakeResponse))
#1 {main}
2025-08-17 04:27:27 Error: [MissingControllerException] Controller class JsController could not be found.
Exception Attributes: array (
  'class' => 'JsController',
  'plugin' => NULL,
)
Request URL: /samed/js/jquery-ui.min.js
Stack Trace:
#0 D:\projetos\samed\app\webroot\index.php(141): Dispatcher->dispatch(Object(CakeRequest), Object(CakeResponse))
#1 {main}
2025-08-17 22:36:45 Error: [PDOException] SQLSTATE[42000]: Syntax error or access violation: 1064 You have an error in your SQL syntax; check the manual that corresponds to your MySQL server version for the right syntax to use near 'WHERE `Beneficiario`.`cliente_id` IN ({$conditionCliente}) AND `Agendamento`.`st' at line 31
Request URL: /samed/admin/agendamento/index/gerdau
Stack Trace:
#0 D:\projetos\samed\lib\Cake\Model\Datasource\DboSource.php(458): PDOStatement->execute(Array)
#1 D:\projetos\samed\lib\Cake\Model\Datasource\DboSource.php(424): DboSource->_execute('??            S...', Array)
#2 D:\projetos\samed\lib\Cake\Model\Datasource\DboSource.php(665): DboSource->execute('??            S...', Array, Array)
#3 D:\projetos\samed\lib\Cake\Model\Datasource\DboSource.php(537): DboSource->fetchAll('??            S...')
#4 [internal function]: DboSource->query('??            S...')
#5 D:\projetos\samed\lib\Cake\Model\Model.php(3307): call_user_func_array(Array, Array)
#6 D:\projetos\samed\app\Model\Agendamento.php(96): Model->query('??            S...')
#7 D:\projetos\samed\lib\Cake\Controller\Component\PaginatorComponent.php(190): Agendamento->paginate(Array, NULL, Array, 10, 1, 1, Array)
#8 D:\projetos\samed\app\Controller\AgendamentoController.php(290): PaginatorComponent->paginate('Agendamento')
#9 [internal function]: AgendamentoController->admin_index('gerdau')
#10 D:\projetos\samed\lib\Cake\Controller\Controller.php(490): ReflectionMethod->invokeArgs(Object(AgendamentoController), Array)
#11 D:\projetos\samed\lib\Cake\Routing\Dispatcher.php(185): Controller->invokeAction(Object(CakeRequest))
#12 D:\projetos\samed\lib\Cake\Routing\Dispatcher.php(160): Dispatcher->_invoke(Object(AgendamentoController), Object(CakeRequest), Object(CakeResponse))
#13 D:\projetos\samed\app\webroot\index.php(141): Dispatcher->dispatch(Object(CakeRequest), Object(CakeResponse))
#14 {main}
2025-08-17 22:36:45 Error: [MissingControllerException] Controller class CssController could not be found.
Exception Attributes: array (
  'class' => 'CssController',
  'plugin' => NULL,
)
Request URL: /samed/css/bootstrap.min.css
Stack Trace:
#0 D:\projetos\samed\app\webroot\index.php(141): Dispatcher->dispatch(Object(CakeRequest), Object(CakeResponse))
#1 {main}
2025-08-17 22:36:45 Error: [MissingControllerException] Controller class CssController could not be found.
Exception Attributes: array (
  'class' => 'CssController',
  'plugin' => NULL,
)
Request URL: /samed/css/smartadmin-production.css
Stack Trace:
#0 D:\projetos\samed\app\webroot\index.php(141): Dispatcher->dispatch(Object(CakeRequest), Object(CakeResponse))
#1 {main}
2025-08-17 22:36:45 Error: [MissingControllerException] Controller class CssController could not be found.
Exception Attributes: array (
  'class' => 'CssController',
  'plugin' => NULL,
)
Request URL: /samed/css/font-awesome.min.css
Stack Trace:
#0 D:\projetos\samed\app\webroot\index.php(141): Dispatcher->dispatch(Object(CakeRequest), Object(CakeResponse))
#1 {main}
2025-08-17 22:36:45 Error: [MissingControllerException] Controller class CssController could not be found.
Exception Attributes: array (
  'class' => 'CssController',
  'plugin' => NULL,
)
Request URL: /samed/css/smartadmin-skins.css
Stack Trace:
#0 D:\projetos\samed\app\webroot\index.php(141): Dispatcher->dispatch(Object(CakeRequest), Object(CakeResponse))
#1 {main}
2025-08-17 22:36:45 Error: [MissingControllerException] Controller class CssController could not be found.
Exception Attributes: array (
  'class' => 'CssController',
  'plugin' => NULL,
)
Request URL: /samed/css/font-google.css
Stack Trace:
#0 D:\projetos\samed\app\webroot\index.php(141): Dispatcher->dispatch(Object(CakeRequest), Object(CakeResponse))
#1 {main}
2025-08-17 22:36:45 Error: [MissingControllerException] Controller class CssController could not be found.
Exception Attributes: array (
  'class' => 'CssController',
  'plugin' => NULL,
)
Request URL: /samed/css/demo.css
Stack Trace:
#0 D:\projetos\samed\app\webroot\index.php(141): Dispatcher->dispatch(Object(CakeRequest), Object(CakeResponse))
#1 {main}
2025-08-17 22:36:45 Error: [MissingControllerException] Controller class JsController could not be found.
Exception Attributes: array (
  'class' => 'JsController',
  'plugin' => NULL,
)
Request URL: /samed/js/plugin/pace/pace.min.js
Stack Trace:
#0 D:\projetos\samed\app\webroot\index.php(141): Dispatcher->dispatch(Object(CakeRequest), Object(CakeResponse))
#1 {main}
2025-08-17 22:36:45 Error: [MissingControllerException] Controller class JsController could not be found.
Exception Attributes: array (
  'class' => 'JsController',
  'plugin' => NULL,
)
Request URL: /samed/js/jquery.min.js
Stack Trace:
#0 D:\projetos\samed\app\webroot\index.php(141): Dispatcher->dispatch(Object(CakeRequest), Object(CakeResponse))
#1 {main}
2025-08-17 22:36:45 Error: [MissingControllerException] Controller class JsController could not be found.
Exception Attributes: array (
  'class' => 'JsController',
  'plugin' => NULL,
)
Request URL: /samed/js/jquery-ui.min.js
Stack Trace:
#0 D:\projetos\samed\app\webroot\index.php(141): Dispatcher->dispatch(Object(CakeRequest), Object(CakeResponse))
#1 {main}
2025-08-17 23:02:35 Error: [PDOException] SQLSTATE[42000]: Syntax error or access violation: 1064 You have an error in your SQL syntax; check the manual that corresponds to your MySQL server version for the right syntax to use near '}) AND `Agendamento`.`status` = 0
            ORDER BY `Agendamento`.`status` a' at line 31
Request URL: /samed/admin/agendamento/index/gerdau
Stack Trace:
#0 D:\projetos\samed\lib\Cake\Model\Datasource\DboSource.php(458): PDOStatement->execute(Array)
#1 D:\projetos\samed\lib\Cake\Model\Datasource\DboSource.php(424): DboSource->_execute('??            S...', Array)
#2 D:\projetos\samed\lib\Cake\Model\Datasource\DboSource.php(665): DboSource->execute('??            S...', Array, Array)
#3 D:\projetos\samed\lib\Cake\Model\Datasource\DboSource.php(537): DboSource->fetchAll('??            S...')
#4 [internal function]: DboSource->query('??            S...')
#5 D:\projetos\samed\lib\Cake\Model\Model.php(3307): call_user_func_array(Array, Array)
#6 D:\projetos\samed\app\Model\Agendamento.php(96): Model->query('??            S...')
#7 D:\projetos\samed\lib\Cake\Controller\Component\PaginatorComponent.php(190): Agendamento->paginate(Array, NULL, Array, 10, 1, 1, Array)
#8 D:\projetos\samed\app\Controller\AgendamentoController.php(290): PaginatorComponent->paginate('Agendamento')
#9 [internal function]: AgendamentoController->admin_index('gerdau')
#10 D:\projetos\samed\lib\Cake\Controller\Controller.php(490): ReflectionMethod->invokeArgs(Object(AgendamentoController), Array)
#11 D:\projetos\samed\lib\Cake\Routing\Dispatcher.php(185): Controller->invokeAction(Object(CakeRequest))
#12 D:\projetos\samed\lib\Cake\Routing\Dispatcher.php(160): Dispatcher->_invoke(Object(AgendamentoController), Object(CakeRequest), Object(CakeResponse))
#13 D:\projetos\samed\app\webroot\index.php(141): Dispatcher->dispatch(Object(CakeRequest), Object(CakeResponse))
#14 {main}
2025-08-17 23:02:35 Error: [MissingControllerException] Controller class CssController could not be found.
Exception Attributes: array (
  'class' => 'CssController',
  'plugin' => NULL,
)
Request URL: /samed/css/bootstrap.min.css
Stack Trace:
#0 D:\projetos\samed\app\webroot\index.php(141): Dispatcher->dispatch(Object(CakeRequest), Object(CakeResponse))
#1 {main}
2025-08-17 23:02:35 Error: [MissingControllerException] Controller class CssController could not be found.
Exception Attributes: array (
  'class' => 'CssController',
  'plugin' => NULL,
)
Request URL: /samed/css/smartadmin-skins.css
Stack Trace:
#0 D:\projetos\samed\app\webroot\index.php(141): Dispatcher->dispatch(Object(CakeRequest), Object(CakeResponse))
#1 {main}
2025-08-17 23:02:35 Error: [MissingControllerException] Controller class CssController could not be found.
Exception Attributes: array (
  'class' => 'CssController',
  'plugin' => NULL,
)
Request URL: /samed/css/demo.css
Stack Trace:
#0 D:\projetos\samed\app\webroot\index.php(141): Dispatcher->dispatch(Object(CakeRequest), Object(CakeResponse))
#1 {main}
2025-08-17 23:02:35 Error: [MissingControllerException] Controller class CssController could not be found.
Exception Attributes: array (
  'class' => 'CssController',
  'plugin' => NULL,
)
Request URL: /samed/css/smartadmin-production.css
Stack Trace:
#0 D:\projetos\samed\app\webroot\index.php(141): Dispatcher->dispatch(Object(CakeRequest), Object(CakeResponse))
#1 {main}
2025-08-17 23:02:35 Error: [MissingControllerException] Controller class CssController could not be found.
Exception Attributes: array (
  'class' => 'CssController',
  'plugin' => NULL,
)
Request URL: /samed/css/font-google.css
Stack Trace:
#0 D:\projetos\samed\app\webroot\index.php(141): Dispatcher->dispatch(Object(CakeRequest), Object(CakeResponse))
#1 {main}
2025-08-17 23:02:35 Error: [MissingControllerException] Controller class CssController could not be found.
Exception Attributes: array (
  'class' => 'CssController',
  'plugin' => NULL,
)
Request URL: /samed/css/font-awesome.min.css
Stack Trace:
#0 D:\projetos\samed\app\webroot\index.php(141): Dispatcher->dispatch(Object(CakeRequest), Object(CakeResponse))
#1 {main}
2025-08-17 23:02:35 Error: [MissingControllerException] Controller class JsController could not be found.
Exception Attributes: array (
  'class' => 'JsController',
  'plugin' => NULL,
)
Request URL: /samed/js/plugin/pace/pace.min.js
Stack Trace:
#0 D:\projetos\samed\app\webroot\index.php(141): Dispatcher->dispatch(Object(CakeRequest), Object(CakeResponse))
#1 {main}
2025-08-17 23:02:35 Error: [MissingControllerException] Controller class JsController could not be found.
Exception Attributes: array (
  'class' => 'JsController',
  'plugin' => NULL,
)
Request URL: /samed/js/jquery.min.js
Stack Trace:
#0 D:\projetos\samed\app\webroot\index.php(141): Dispatcher->dispatch(Object(CakeRequest), Object(CakeResponse))
#1 {main}
2025-08-17 23:02:35 Error: [MissingControllerException] Controller class JsController could not be found.
Exception Attributes: array (
  'class' => 'JsController',
  'plugin' => NULL,
)
Request URL: /samed/js/jquery-ui.min.js
Stack Trace:
#0 D:\projetos\samed\app\webroot\index.php(141): Dispatcher->dispatch(Object(CakeRequest), Object(CakeResponse))
#1 {main}
2025-08-17 23:02:35 Error: [MissingControllerException] Controller class JsController could not be found.
Exception Attributes: array (
  'class' => 'JsController',
  'plugin' => NULL,
)
Request URL: /samed/js/plugin/pace/pace.min.js
Stack Trace:
#0 D:\projetos\samed\app\webroot\index.php(141): Dispatcher->dispatch(Object(CakeRequest), Object(CakeResponse))
#1 {main}
2025-08-17 23:02:35 Error: [MissingControllerException] Controller class JsController could not be found.
Exception Attributes: array (
  'class' => 'JsController',
  'plugin' => NULL,
)
Request URL: /samed/js/jquery.min.js
Stack Trace:
#0 D:\projetos\samed\app\webroot\index.php(141): Dispatcher->dispatch(Object(CakeRequest), Object(CakeResponse))
#1 {main}
2025-08-17 23:02:36 Error: [MissingControllerException] Controller class JsController could not be found.
Exception Attributes: array (
  'class' => 'JsController',
  'plugin' => NULL,
)
Request URL: /samed/js/jquery-ui.min.js
Stack Trace:
#0 D:\projetos\samed\app\webroot\index.php(141): Dispatcher->dispatch(Object(CakeRequest), Object(CakeResponse))
#1 {main}
2025-08-17 23:03:12 Error: [PDOException] SQLSTATE[42000]: Syntax error or access violation: 1064 You have an error in your SQL syntax; check the manual that corresponds to your MySQL server version for the right syntax to use near 'WHERE `Beneficiario`.`cliente_id` IN (84,85,86,87,88,89,90,91,92,93,94,95,96,97,' at line 7
Request URL: /samed/admin/agendamento/index/gerdau
Stack Trace:
#0 D:\projetos\samed\lib\Cake\Model\Datasource\DboSource.php(458): PDOStatement->execute(Array)
#1 D:\projetos\samed\lib\Cake\Model\Datasource\DboSource.php(424): DboSource->_execute('??            S...', Array)
#2 D:\projetos\samed\lib\Cake\Model\Datasource\DboSource.php(665): DboSource->execute('??            S...', Array, Array)
#3 D:\projetos\samed\lib\Cake\Model\Datasource\DboSource.php(537): DboSource->fetchAll('??            S...')
#4 [internal function]: DboSource->query('??            S...')
#5 D:\projetos\samed\lib\Cake\Model\Model.php(3307): call_user_func_array(Array, Array)
#6 D:\projetos\samed\app\Model\Agendamento.php(117): Model->query('??            S...')
#7 D:\projetos\samed\lib\Cake\Controller\Component\PaginatorComponent.php(204): Agendamento->paginateCount(Array, 1, Array)
#8 D:\projetos\samed\app\Controller\AgendamentoController.php(290): PaginatorComponent->paginate('Agendamento')
#9 [internal function]: AgendamentoController->admin_index('gerdau')
#10 D:\projetos\samed\lib\Cake\Controller\Controller.php(490): ReflectionMethod->invokeArgs(Object(AgendamentoController), Array)
#11 D:\projetos\samed\lib\Cake\Routing\Dispatcher.php(185): Controller->invokeAction(Object(CakeRequest))
#12 D:\projetos\samed\lib\Cake\Routing\Dispatcher.php(160): Dispatcher->_invoke(Object(AgendamentoController), Object(CakeRequest), Object(CakeResponse))
#13 D:\projetos\samed\app\webroot\index.php(141): Dispatcher->dispatch(Object(CakeRequest), Object(CakeResponse))
#14 {main}
2025-08-17 23:03:12 Error: [MissingControllerException] Controller class CssController could not be found.
Exception Attributes: array (
  'class' => 'CssController',
  'plugin' => NULL,
)
Request URL: /samed/css/bootstrap.min.css
Stack Trace:
#0 D:\projetos\samed\app\webroot\index.php(141): Dispatcher->dispatch(Object(CakeRequest), Object(CakeResponse))
#1 {main}
2025-08-17 23:03:12 Error: [MissingControllerException] Controller class CssController could not be found.
Exception Attributes: array (
  'class' => 'CssController',
  'plugin' => NULL,
)
Request URL: /samed/css/smartadmin-production.css
Stack Trace:
#0 D:\projetos\samed\app\webroot\index.php(141): Dispatcher->dispatch(Object(CakeRequest), Object(CakeResponse))
#1 {main}
2025-08-17 23:03:12 Error: [MissingControllerException] Controller class CssController could not be found.
Exception Attributes: array (
  'class' => 'CssController',
  'plugin' => NULL,
)
Request URL: /samed/css/font-google.css
Stack Trace:
#0 D:\projetos\samed\app\webroot\index.php(141): Dispatcher->dispatch(Object(CakeRequest), Object(CakeResponse))
#1 {main}
2025-08-17 23:03:12 Error: [MissingControllerException] Controller class CssController could not be found.
Exception Attributes: array (
  'class' => 'CssController',
  'plugin' => NULL,
)
Request URL: /samed/css/font-awesome.min.css
Stack Trace:
#0 D:\projetos\samed\app\webroot\index.php(141): Dispatcher->dispatch(Object(CakeRequest), Object(CakeResponse))
#1 {main}
2025-08-17 23:03:12 Error: [MissingControllerException] Controller class CssController could not be found.
Exception Attributes: array (
  'class' => 'CssController',
  'plugin' => NULL,
)
Request URL: /samed/css/smartadmin-skins.css
Stack Trace:
#0 D:\projetos\samed\app\webroot\index.php(141): Dispatcher->dispatch(Object(CakeRequest), Object(CakeResponse))
#1 {main}
2025-08-17 23:03:12 Error: [MissingControllerException] Controller class CssController could not be found.
Exception Attributes: array (
  'class' => 'CssController',
  'plugin' => NULL,
)
Request URL: /samed/css/demo.css
Stack Trace:
#0 D:\projetos\samed\app\webroot\index.php(141): Dispatcher->dispatch(Object(CakeRequest), Object(CakeResponse))
#1 {main}
2025-08-17 23:03:12 Error: [MissingControllerException] Controller class JsController could not be found.
Exception Attributes: array (
  'class' => 'JsController',
  'plugin' => NULL,
)
Request URL: /samed/js/plugin/pace/pace.min.js
Stack Trace:
#0 D:\projetos\samed\app\webroot\index.php(141): Dispatcher->dispatch(Object(CakeRequest), Object(CakeResponse))
#1 {main}
2025-08-17 23:03:12 Error: [MissingControllerException] Controller class JsController could not be found.
Exception Attributes: array (
  'class' => 'JsController',
  'plugin' => NULL,
)
Request URL: /samed/js/jquery.min.js
Stack Trace:
#0 D:\projetos\samed\app\webroot\index.php(141): Dispatcher->dispatch(Object(CakeRequest), Object(CakeResponse))
#1 {main}
2025-08-17 23:03:12 Error: [MissingControllerException] Controller class JsController could not be found.
Exception Attributes: array (
  'class' => 'JsController',
  'plugin' => NULL,
)
Request URL: /samed/js/jquery-ui.min.js
Stack Trace:
#0 D:\projetos\samed\app\webroot\index.php(141): Dispatcher->dispatch(Object(CakeRequest), Object(CakeResponse))
#1 {main}
2025-08-17 23:03:13 Error: [MissingControllerException] Controller class JsController could not be found.
Exception Attributes: array (
  'class' => 'JsController',
  'plugin' => NULL,
)
Request URL: /samed/js/plugin/pace/pace.min.js
Stack Trace:
#0 D:\projetos\samed\app\webroot\index.php(141): Dispatcher->dispatch(Object(CakeRequest), Object(CakeResponse))
#1 {main}
2025-08-17 23:03:13 Error: [MissingControllerException] Controller class JsController could not be found.
Exception Attributes: array (
  'class' => 'JsController',
  'plugin' => NULL,
)
Request URL: /samed/js/jquery.min.js
Stack Trace:
#0 D:\projetos\samed\app\webroot\index.php(141): Dispatcher->dispatch(Object(CakeRequest), Object(CakeResponse))
#1 {main}
2025-08-17 23:03:13 Error: [MissingControllerException] Controller class JsController could not be found.
Exception Attributes: array (
  'class' => 'JsController',
  'plugin' => NULL,
)
Request URL: /samed/js/jquery-ui.min.js
Stack Trace:
#0 D:\projetos\samed\app\webroot\index.php(141): Dispatcher->dispatch(Object(CakeRequest), Object(CakeResponse))
#1 {main}
2025-08-17 23:04:03 Error: [PDOException] SQLSTATE[42000]: Syntax error or access violation: 1064 You have an error in your SQL syntax; check the manual that corresponds to your MySQL server version for the right syntax to use near 'WHERE `Beneficiario`.`cliente_id` IN (84,85,86,87,88,89,90,91,92,93,94,95,96,97,' at line 7
Request URL: /samed/admin/agendamento/index/gerdau
Stack Trace:
#0 D:\projetos\samed\lib\Cake\Model\Datasource\DboSource.php(458): PDOStatement->execute(Array)
#1 D:\projetos\samed\lib\Cake\Model\Datasource\DboSource.php(424): DboSource->_execute('??            S...', Array)
#2 D:\projetos\samed\lib\Cake\Model\Datasource\DboSource.php(665): DboSource->execute('??            S...', Array, Array)
#3 D:\projetos\samed\lib\Cake\Model\Datasource\DboSource.php(537): DboSource->fetchAll('??            S...')
#4 [internal function]: DboSource->query('??            S...')
#5 D:\projetos\samed\lib\Cake\Model\Model.php(3307): call_user_func_array(Array, Array)
#6 D:\projetos\samed\app\Model\Agendamento.php(117): Model->query('??            S...')
#7 D:\projetos\samed\lib\Cake\Controller\Component\PaginatorComponent.php(204): Agendamento->paginateCount(Array, 1, Array)
#8 D:\projetos\samed\app\Controller\AgendamentoController.php(290): PaginatorComponent->paginate('Agendamento')
#9 [internal function]: AgendamentoController->admin_index('gerdau')
#10 D:\projetos\samed\lib\Cake\Controller\Controller.php(490): ReflectionMethod->invokeArgs(Object(AgendamentoController), Array)
#11 D:\projetos\samed\lib\Cake\Routing\Dispatcher.php(185): Controller->invokeAction(Object(CakeRequest))
#12 D:\projetos\samed\lib\Cake\Routing\Dispatcher.php(160): Dispatcher->_invoke(Object(AgendamentoController), Object(CakeRequest), Object(CakeResponse))
#13 D:\projetos\samed\app\webroot\index.php(141): Dispatcher->dispatch(Object(CakeRequest), Object(CakeResponse))
#14 {main}
2025-08-17 23:04:04 Error: [MissingControllerException] Controller class CssController could not be found.
Exception Attributes: array (
  'class' => 'CssController',
  'plugin' => NULL,
)
Request URL: /samed/css/font-awesome.min.css
Stack Trace:
#0 D:\projetos\samed\app\webroot\index.php(141): Dispatcher->dispatch(Object(CakeRequest), Object(CakeResponse))
#1 {main}
2025-08-17 23:04:04 Error: [MissingControllerException] Controller class CssController could not be found.
Exception Attributes: array (
  'class' => 'CssController',
  'plugin' => NULL,
)
Request URL: /samed/css/font-google.css
Stack Trace:
#0 D:\projetos\samed\app\webroot\index.php(141): Dispatcher->dispatch(Object(CakeRequest), Object(CakeResponse))
#1 {main}
2025-08-17 23:04:04 Error: [MissingControllerException] Controller class CssController could not be found.
Exception Attributes: array (
  'class' => 'CssController',
  'plugin' => NULL,
)
Request URL: /samed/css/bootstrap.min.css
Stack Trace:
#0 D:\projetos\samed\app\webroot\index.php(141): Dispatcher->dispatch(Object(CakeRequest), Object(CakeResponse))
#1 {main}
2025-08-17 23:04:04 Error: [MissingControllerException] Controller class CssController could not be found.
Exception Attributes: array (
  'class' => 'CssController',
  'plugin' => NULL,
)
Request URL: /samed/css/demo.css
Stack Trace:
#0 D:\projetos\samed\app\webroot\index.php(141): Dispatcher->dispatch(Object(CakeRequest), Object(CakeResponse))
#1 {main}
2025-08-17 23:04:04 Error: [MissingControllerException] Controller class CssController could not be found.
Exception Attributes: array (
  'class' => 'CssController',
  'plugin' => NULL,
)
Request URL: /samed/css/smartadmin-skins.css
Stack Trace:
#0 D:\projetos\samed\app\webroot\index.php(141): Dispatcher->dispatch(Object(CakeRequest), Object(CakeResponse))
#1 {main}
2025-08-17 23:04:04 Error: [MissingControllerException] Controller class CssController could not be found.
Exception Attributes: array (
  'class' => 'CssController',
  'plugin' => NULL,
)
Request URL: /samed/css/smartadmin-production.css
Stack Trace:
#0 D:\projetos\samed\app\webroot\index.php(141): Dispatcher->dispatch(Object(CakeRequest), Object(CakeResponse))
#1 {main}
2025-08-17 23:04:04 Error: [MissingControllerException] Controller class JsController could not be found.
Exception Attributes: array (
  'class' => 'JsController',
  'plugin' => NULL,
)
Request URL: /samed/js/plugin/pace/pace.min.js
Stack Trace:
#0 D:\projetos\samed\app\webroot\index.php(141): Dispatcher->dispatch(Object(CakeRequest), Object(CakeResponse))
#1 {main}
2025-08-17 23:04:04 Error: [MissingControllerException] Controller class JsController could not be found.
Exception Attributes: array (
  'class' => 'JsController',
  'plugin' => NULL,
)
Request URL: /samed/js/jquery.min.js
Stack Trace:
#0 D:\projetos\samed\app\webroot\index.php(141): Dispatcher->dispatch(Object(CakeRequest), Object(CakeResponse))
#1 {main}
2025-08-17 23:04:04 Error: [MissingControllerException] Controller class JsController could not be found.
Exception Attributes: array (
  'class' => 'JsController',
  'plugin' => NULL,
)
Request URL: /samed/js/jquery-ui.min.js
Stack Trace:
#0 D:\projetos\samed\app\webroot\index.php(141): Dispatcher->dispatch(Object(CakeRequest), Object(CakeResponse))
#1 {main}
2025-08-17 23:04:04 Error: [MissingControllerException] Controller class JsController could not be found.
Exception Attributes: array (
  'class' => 'JsController',
  'plugin' => NULL,
)
Request URL: /samed/js/plugin/pace/pace.min.js
Stack Trace:
#0 D:\projetos\samed\app\webroot\index.php(141): Dispatcher->dispatch(Object(CakeRequest), Object(CakeResponse))
#1 {main}
2025-08-17 23:04:04 Error: [MissingControllerException] Controller class JsController could not be found.
Exception Attributes: array (
  'class' => 'JsController',
  'plugin' => NULL,
)
Request URL: /samed/js/jquery.min.js
Stack Trace:
#0 D:\projetos\samed\app\webroot\index.php(141): Dispatcher->dispatch(Object(CakeRequest), Object(CakeResponse))
#1 {main}
2025-08-17 23:04:04 Error: [MissingControllerException] Controller class JsController could not be found.
Exception Attributes: array (
  'class' => 'JsController',
  'plugin' => NULL,
)
Request URL: /samed/js/jquery-ui.min.js
Stack Trace:
#0 D:\projetos\samed\app\webroot\index.php(141): Dispatcher->dispatch(Object(CakeRequest), Object(CakeResponse))
#1 {main}
2025-08-18 00:10:22 Error: [PDOException] SQLSTATE[42000]: Syntax error or access violation: 1064 You have an error in your SQL syntax; check the manual that corresponds to your MySQL server version for the right syntax to use near ') AND `Agendamento`.`status` = 0
            ORDER BY `Agendamento`.`status` as' at line 31
Request URL: /samed/admin/agendamento
Stack Trace:
#0 D:\projetos\samed\lib\Cake\Model\Datasource\DboSource.php(458): PDOStatement->execute(Array)
#1 D:\projetos\samed\lib\Cake\Model\Datasource\DboSource.php(424): DboSource->_execute('??            S...', Array)
#2 D:\projetos\samed\lib\Cake\Model\Datasource\DboSource.php(665): DboSource->execute('??            S...', Array, Array)
#3 D:\projetos\samed\lib\Cake\Model\Datasource\DboSource.php(537): DboSource->fetchAll('??            S...')
#4 [internal function]: DboSource->query('??            S...')
#5 D:\projetos\samed\lib\Cake\Model\Model.php(3307): call_user_func_array(Array, Array)
#6 D:\projetos\samed\app\Model\Agendamento.php(96): Model->query('??            S...')
#7 D:\projetos\samed\lib\Cake\Controller\Component\PaginatorComponent.php(190): Agendamento->paginate(Array, NULL, Array, 10, 1, 1, Array)
#8 D:\projetos\samed\app\Controller\AgendamentoController.php(295): PaginatorComponent->paginate('Agendamento')
#9 [internal function]: AgendamentoController->admin_index()
#10 D:\projetos\samed\lib\Cake\Controller\Controller.php(490): ReflectionMethod->invokeArgs(Object(AgendamentoController), Array)
#11 D:\projetos\samed\lib\Cake\Routing\Dispatcher.php(185): Controller->invokeAction(Object(CakeRequest))
#12 D:\projetos\samed\lib\Cake\Routing\Dispatcher.php(160): Dispatcher->_invoke(Object(AgendamentoController), Object(CakeRequest), Object(CakeResponse))
#13 D:\projetos\samed\app\webroot\index.php(141): Dispatcher->dispatch(Object(CakeRequest), Object(CakeResponse))
#14 {main}
2025-08-18 00:10:23 Error: [MissingControllerException] Controller class CssController could not be found.
Exception Attributes: array (
  'class' => 'CssController',
  'plugin' => NULL,
)
Request URL: /samed/css/bootstrap.min.css
Stack Trace:
#0 D:\projetos\samed\app\webroot\index.php(141): Dispatcher->dispatch(Object(CakeRequest), Object(CakeResponse))
#1 {main}
2025-08-18 00:10:23 Error: [MissingControllerException] Controller class CssController could not be found.
Exception Attributes: array (
  'class' => 'CssController',
  'plugin' => NULL,
)
Request URL: /samed/css/demo.css
Stack Trace:
#0 D:\projetos\samed\app\webroot\index.php(141): Dispatcher->dispatch(Object(CakeRequest), Object(CakeResponse))
#1 {main}
2025-08-18 00:10:23 Error: [MissingControllerException] Controller class CssController could not be found.
Exception Attributes: array (
  'class' => 'CssController',
  'plugin' => NULL,
)
Request URL: /samed/css/font-google.css
Stack Trace:
#0 D:\projetos\samed\app\webroot\index.php(141): Dispatcher->dispatch(Object(CakeRequest), Object(CakeResponse))
#1 {main}
2025-08-18 00:10:23 Error: [MissingControllerException] Controller class CssController could not be found.
Exception Attributes: array (
  'class' => 'CssController',
  'plugin' => NULL,
)
Request URL: /samed/css/smartadmin-skins.css
Stack Trace:
#0 D:\projetos\samed\app\webroot\index.php(141): Dispatcher->dispatch(Object(CakeRequest), Object(CakeResponse))
#1 {main}
2025-08-18 00:10:23 Error: [MissingControllerException] Controller class CssController could not be found.
Exception Attributes: array (
  'class' => 'CssController',
  'plugin' => NULL,
)
Request URL: /samed/css/smartadmin-production.css
Stack Trace:
#0 D:\projetos\samed\app\webroot\index.php(141): Dispatcher->dispatch(Object(CakeRequest), Object(CakeResponse))
#1 {main}
2025-08-18 00:10:23 Error: [MissingControllerException] Controller class CssController could not be found.
Exception Attributes: array (
  'class' => 'CssController',
  'plugin' => NULL,
)
Request URL: /samed/css/font-awesome.min.css
Stack Trace:
#0 D:\projetos\samed\app\webroot\index.php(141): Dispatcher->dispatch(Object(CakeRequest), Object(CakeResponse))
#1 {main}
2025-08-18 00:10:23 Error: [MissingControllerException] Controller class JsController could not be found.
Exception Attributes: array (
  'class' => 'JsController',
  'plugin' => NULL,
)
Request URL: /samed/js/jquery.min.js
Stack Trace:
#0 D:\projetos\samed\app\webroot\index.php(141): Dispatcher->dispatch(Object(CakeRequest), Object(CakeResponse))
#1 {main}
2025-08-18 00:10:23 Error: [MissingControllerException] Controller class JsController could not be found.
Exception Attributes: array (
  'class' => 'JsController',
  'plugin' => NULL,
)
Request URL: /samed/js/plugin/pace/pace.min.js
Stack Trace:
#0 D:\projetos\samed\app\webroot\index.php(141): Dispatcher->dispatch(Object(CakeRequest), Object(CakeResponse))
#1 {main}
2025-08-18 00:10:23 Error: [MissingControllerException] Controller class JsController could not be found.
Exception Attributes: array (
  'class' => 'JsController',
  'plugin' => NULL,
)
Request URL: /samed/js/jquery-ui.min.js
Stack Trace:
#0 D:\projetos\samed\app\webroot\index.php(141): Dispatcher->dispatch(Object(CakeRequest), Object(CakeResponse))
#1 {main}
2025-08-18 00:10:35 Error: [PDOException] SQLSTATE[42000]: Syntax error or access violation: 1064 You have an error in your SQL syntax; check the manual that corresponds to your MySQL server version for the right syntax to use near ') AND `Agendamento`.`status` = 0
            ORDER BY `Agendamento`.`status` as' at line 31
Request URL: /samed/admin/agendamento
Stack Trace:
#0 D:\projetos\samed\lib\Cake\Model\Datasource\DboSource.php(458): PDOStatement->execute(Array)
#1 D:\projetos\samed\lib\Cake\Model\Datasource\DboSource.php(424): DboSource->_execute('??            S...', Array)
#2 D:\projetos\samed\lib\Cake\Model\Datasource\DboSource.php(665): DboSource->execute('??            S...', Array, Array)
#3 D:\projetos\samed\lib\Cake\Model\Datasource\DboSource.php(537): DboSource->fetchAll('??            S...')
#4 [internal function]: DboSource->query('??            S...')
#5 D:\projetos\samed\lib\Cake\Model\Model.php(3307): call_user_func_array(Array, Array)
#6 D:\projetos\samed\app\Model\Agendamento.php(96): Model->query('??            S...')
#7 D:\projetos\samed\lib\Cake\Controller\Component\PaginatorComponent.php(190): Agendamento->paginate(Array, NULL, Array, 10, 1, 1, Array)
#8 D:\projetos\samed\app\Controller\AgendamentoController.php(295): PaginatorComponent->paginate('Agendamento')
#9 [internal function]: AgendamentoController->admin_index()
#10 D:\projetos\samed\lib\Cake\Controller\Controller.php(490): ReflectionMethod->invokeArgs(Object(AgendamentoController), Array)
#11 D:\projetos\samed\lib\Cake\Routing\Dispatcher.php(185): Controller->invokeAction(Object(CakeRequest))
#12 D:\projetos\samed\lib\Cake\Routing\Dispatcher.php(160): Dispatcher->_invoke(Object(AgendamentoController), Object(CakeRequest), Object(CakeResponse))
#13 D:\projetos\samed\app\webroot\index.php(141): Dispatcher->dispatch(Object(CakeRequest), Object(CakeResponse))
#14 {main}
2025-08-18 00:10:35 Error: [MissingControllerException] Controller class CssController could not be found.
Exception Attributes: array (
  'class' => 'CssController',
  'plugin' => NULL,
)
Request URL: /samed/css/font-google.css
Stack Trace:
#0 D:\projetos\samed\app\webroot\index.php(141): Dispatcher->dispatch(Object(CakeRequest), Object(CakeResponse))
#1 {main}
2025-08-18 00:10:35 Error: [MissingControllerException] Controller class CssController could not be found.
Exception Attributes: array (
  'class' => 'CssController',
  'plugin' => NULL,
)
Request URL: /samed/css/smartadmin-production.css
Stack Trace:
#0 D:\projetos\samed\app\webroot\index.php(141): Dispatcher->dispatch(Object(CakeRequest), Object(CakeResponse))
#1 {main}
2025-08-18 00:10:35 Error: [MissingControllerException] Controller class CssController could not be found.
Exception Attributes: array (
  'class' => 'CssController',
  'plugin' => NULL,
)
Request URL: /samed/css/demo.css
Stack Trace:
#0 D:\projetos\samed\app\webroot\index.php(141): Dispatcher->dispatch(Object(CakeRequest), Object(CakeResponse))
#1 {main}
2025-08-18 00:10:35 Error: [MissingControllerException] Controller class CssController could not be found.
Exception Attributes: array (
  'class' => 'CssController',
  'plugin' => NULL,
)
Request URL: /samed/css/bootstrap.min.css
Stack Trace:
#0 D:\projetos\samed\app\webroot\index.php(141): Dispatcher->dispatch(Object(CakeRequest), Object(CakeResponse))
#1 {main}
2025-08-18 00:10:35 Error: [MissingControllerException] Controller class CssController could not be found.
Exception Attributes: array (
  'class' => 'CssController',
  'plugin' => NULL,
)
Request URL: /samed/css/font-awesome.min.css
Stack Trace:
#0 D:\projetos\samed\app\webroot\index.php(141): Dispatcher->dispatch(Object(CakeRequest), Object(CakeResponse))
#1 {main}
2025-08-18 00:10:35 Error: [MissingControllerException] Controller class CssController could not be found.
Exception Attributes: array (
  'class' => 'CssController',
  'plugin' => NULL,
)
Request URL: /samed/css/smartadmin-skins.css
Stack Trace:
#0 D:\projetos\samed\app\webroot\index.php(141): Dispatcher->dispatch(Object(CakeRequest), Object(CakeResponse))
#1 {main}
2025-08-18 00:10:36 Error: [MissingControllerException] Controller class JsController could not be found.
Exception Attributes: array (
  'class' => 'JsController',
  'plugin' => NULL,
)
Request URL: /samed/js/plugin/pace/pace.min.js
Stack Trace:
#0 D:\projetos\samed\app\webroot\index.php(141): Dispatcher->dispatch(Object(CakeRequest), Object(CakeResponse))
#1 {main}
2025-08-18 00:10:36 Error: [MissingControllerException] Controller class JsController could not be found.
Exception Attributes: array (
  'class' => 'JsController',
  'plugin' => NULL,
)
Request URL: /samed/js/jquery.min.js
Stack Trace:
#0 D:\projetos\samed\app\webroot\index.php(141): Dispatcher->dispatch(Object(CakeRequest), Object(CakeResponse))
#1 {main}
2025-08-18 00:10:36 Error: [MissingControllerException] Controller class JsController could not be found.
Exception Attributes: array (
  'class' => 'JsController',
  'plugin' => NULL,
)
Request URL: /samed/js/jquery-ui.min.js
Stack Trace:
#0 D:\projetos\samed\app\webroot\index.php(141): Dispatcher->dispatch(Object(CakeRequest), Object(CakeResponse))
#1 {main}
2025-08-28 01:22:46 Error: [MissingConnectionException] Database connection "Mysql" is missing, or could not be created.
Exception Attributes: array (
  'class' => 'Mysql',
  'message' => 'SQLSTATE[HY000] [2002] Nenhuma conexão pôde ser feita porque a máquina de destino as recusou ativamente.
',
  'enabled' => true,
)
Request URL: /samed/usuario/logout
Stack Trace:
#0 D:\projetos\samed\lib\Cake\Model\Datasource\DboSource.php(260): Mysql->connect()
#1 D:\projetos\samed\lib\Cake\Model\ConnectionManager.php(105): DboSource->__construct(Array)
#2 D:\projetos\samed\lib\Cake\Model\Model.php(3477): ConnectionManager::getDataSource('default')
#3 D:\projetos\samed\lib\Cake\Model\Model.php(1126): Model->setDataSource('default')
#4 D:\projetos\samed\lib\Cake\Model\Model.php(3499): Model->setSource('grupo_empresari...')
#5 D:\projetos\samed\lib\Cake\Model\Model.php(2903): Model->getDataSource()
#6 D:\projetos\samed\lib\Cake\Model\Model.php(2875): Model->_readDataSource('first', Array)
#7 D:\projetos\samed\app\Controller\AppController.php(665): Model->find('first', Array)
#8 D:\projetos\samed\app\Controller\UsuarioController.php(29): AppController->beforeFilter()
#9 [internal function]: UsuarioController->beforeFilter(Object(CakeEvent))
#10 D:\projetos\samed\lib\Cake\Event\CakeEventManager.php(247): call_user_func(Array, Object(CakeEvent))
#11 D:\projetos\samed\lib\Cake\Controller\Controller.php(672): CakeEventManager->dispatch(Object(CakeEvent))
#12 D:\projetos\samed\lib\Cake\Routing\Dispatcher.php(182): Controller->startupProcess()
#13 D:\projetos\samed\lib\Cake\Routing\Dispatcher.php(160): Dispatcher->_invoke(Object(UsuarioController), Object(CakeRequest), Object(CakeResponse))
#14 D:\projetos\samed\app\webroot\index.php(141): Dispatcher->dispatch(Object(CakeRequest), Object(CakeResponse))
#15 {main}
2025-08-28 01:22:47 Error: [MissingControllerException] Controller class CssController could not be found.
Exception Attributes: array (
  'class' => 'CssController',
  'plugin' => NULL,
)
Request URL: /samed/css/bootstrap.min.css
Stack Trace:
#0 D:\projetos\samed\app\webroot\index.php(141): Dispatcher->dispatch(Object(CakeRequest), Object(CakeResponse))
#1 {main}
2025-08-28 01:22:47 Error: [MissingControllerException] Controller class CssController could not be found.
Exception Attributes: array (
  'class' => 'CssController',
  'plugin' => NULL,
)
Request URL: /samed/css/smartadmin-production.css
Stack Trace:
#0 D:\projetos\samed\app\webroot\index.php(141): Dispatcher->dispatch(Object(CakeRequest), Object(CakeResponse))
#1 {main}
2025-08-28 01:22:47 Error: [MissingControllerException] Controller class CssController could not be found.
Exception Attributes: array (
  'class' => 'CssController',
  'plugin' => NULL,
)
Request URL: /samed/css/font-awesome.min.css
Stack Trace:
#0 D:\projetos\samed\app\webroot\index.php(141): Dispatcher->dispatch(Object(CakeRequest), Object(CakeResponse))
#1 {main}
2025-08-28 01:22:47 Error: [MissingControllerException] Controller class CssController could not be found.
Exception Attributes: array (
  'class' => 'CssController',
  'plugin' => NULL,
)
Request URL: /samed/css/smartadmin-skins.css
Stack Trace:
#0 D:\projetos\samed\app\webroot\index.php(141): Dispatcher->dispatch(Object(CakeRequest), Object(CakeResponse))
#1 {main}
2025-08-28 01:22:48 Error: [MissingControllerException] Controller class CssController could not be found.
Exception Attributes: array (
  'class' => 'CssController',
  'plugin' => NULL,
)
Request URL: /samed/css/demo.css
Stack Trace:
#0 D:\projetos\samed\app\webroot\index.php(141): Dispatcher->dispatch(Object(CakeRequest), Object(CakeResponse))
#1 {main}
2025-08-28 01:22:48 Error: [MissingControllerException] Controller class CssController could not be found.
Exception Attributes: array (
  'class' => 'CssController',
  'plugin' => NULL,
)
Request URL: /samed/css/font-google.css
Stack Trace:
#0 D:\projetos\samed\app\webroot\index.php(141): Dispatcher->dispatch(Object(CakeRequest), Object(CakeResponse))
#1 {main}
2025-08-28 01:22:48 Error: [MissingControllerException] Controller class JsController could not be found.
Exception Attributes: array (
  'class' => 'JsController',
  'plugin' => NULL,
)
Request URL: /samed/js/plugin/pace/pace.min.js
Stack Trace:
#0 D:\projetos\samed\app\webroot\index.php(141): Dispatcher->dispatch(Object(CakeRequest), Object(CakeResponse))
#1 {main}
2025-08-28 01:22:48 Error: [MissingControllerException] Controller class JsController could not be found.
Exception Attributes: array (
  'class' => 'JsController',
  'plugin' => NULL,
)
Request URL: /samed/js/jquery.min.js
Stack Trace:
#0 D:\projetos\samed\app\webroot\index.php(141): Dispatcher->dispatch(Object(CakeRequest), Object(CakeResponse))
#1 {main}
2025-08-28 01:22:48 Error: [MissingControllerException] Controller class JsController could not be found.
Exception Attributes: array (
  'class' => 'JsController',
  'plugin' => NULL,
)
Request URL: /samed/js/jquery-ui.min.js
Stack Trace:
#0 D:\projetos\samed\app\webroot\index.php(141): Dispatcher->dispatch(Object(CakeRequest), Object(CakeResponse))
#1 {main}
2025-08-28 01:22:48 Error: [MissingControllerException] Controller class JsController could not be found.
Exception Attributes: array (
  'class' => 'JsController',
  'plugin' => NULL,
)
Request URL: /samed/js/plugin/pace/pace.min.js
Stack Trace:
#0 D:\projetos\samed\app\webroot\index.php(141): Dispatcher->dispatch(Object(CakeRequest), Object(CakeResponse))
#1 {main}
2025-08-28 01:22:48 Error: [MissingControllerException] Controller class JsController could not be found.
Exception Attributes: array (
  'class' => 'JsController',
  'plugin' => NULL,
)
Request URL: /samed/js/jquery.min.js
Stack Trace:
#0 D:\projetos\samed\app\webroot\index.php(141): Dispatcher->dispatch(Object(CakeRequest), Object(CakeResponse))
#1 {main}
2025-08-28 01:22:48 Error: [MissingControllerException] Controller class JsController could not be found.
Exception Attributes: array (
  'class' => 'JsController',
  'plugin' => NULL,
)
Request URL: /samed/js/jquery-ui.min.js
Stack Trace:
#0 D:\projetos\samed\app\webroot\index.php(141): Dispatcher->dispatch(Object(CakeRequest), Object(CakeResponse))
#1 {main}
2025-09-08 02:03:10 Error: Fatal Error (1): Class 'Parent' not found in [D:\projetos\samed\app\Controller\HomeController.php, line 115]
2025-09-08 02:03:10 Error: [FatalErrorException] Class 'Parent' not found
Request URL: /samed/admin/home
Stack Trace:
#0 D:\projetos\samed\lib\Cake\Error\ErrorHandler.php(203): ErrorHandler::handleFatalError(1, 'Class 'Parent' ...', 'D:\projetos\sam...', 115)
#1 [internal function]: ErrorHandler::handleError(1, 'Class 'Parent' ...', 'D:\projetos\sam...', 115, Array)
#2 D:\projetos\samed\lib\Cake\Core\App.php(929): call_user_func('ErrorHandler::h...', 1, 'Class 'Parent' ...', 'D:\projetos\sam...', 115, Array)
#3 D:\projetos\samed\lib\Cake\Core\App.php(902): App::_checkFatalError()
#4 [internal function]: App::shutdown()
#5 {main}
2025-09-08 02:03:10 Error: [MissingControllerException] Controller class CssController could not be found.
Exception Attributes: array (
  'class' => 'CssController',
  'plugin' => NULL,
)
Request URL: /samed/css/bootstrap.min.css
Stack Trace:
#0 D:\projetos\samed\app\webroot\index.php(141): Dispatcher->dispatch(Object(CakeRequest), Object(CakeResponse))
#1 {main}
2025-09-08 02:03:10 Error: [MissingControllerException] Controller class CssController could not be found.
Exception Attributes: array (
  'class' => 'CssController',
  'plugin' => NULL,
)
Request URL: /samed/css/smartadmin-skins.css
Stack Trace:
#0 D:\projetos\samed\app\webroot\index.php(141): Dispatcher->dispatch(Object(CakeRequest), Object(CakeResponse))
#1 {main}
2025-09-08 02:03:10 Error: [MissingControllerException] Controller class CssController could not be found.
Exception Attributes: array (
  'class' => 'CssController',
  'plugin' => NULL,
)
Request URL: /samed/css/smartadmin-production.css
Stack Trace:
#0 D:\projetos\samed\app\webroot\index.php(141): Dispatcher->dispatch(Object(CakeRequest), Object(CakeResponse))
#1 {main}
2025-09-08 02:03:10 Error: [MissingControllerException] Controller class CssController could not be found.
Exception Attributes: array (
  'class' => 'CssController',
  'plugin' => NULL,
)
Request URL: /samed/css/demo.css
Stack Trace:
#0 D:\projetos\samed\app\webroot\index.php(141): Dispatcher->dispatch(Object(CakeRequest), Object(CakeResponse))
#1 {main}
2025-09-08 02:03:10 Error: [MissingControllerException] Controller class CssController could not be found.
Exception Attributes: array (
  'class' => 'CssController',
  'plugin' => NULL,
)
Request URL: /samed/css/font-awesome.min.css
Stack Trace:
#0 D:\projetos\samed\app\webroot\index.php(141): Dispatcher->dispatch(Object(CakeRequest), Object(CakeResponse))
#1 {main}
2025-09-08 02:03:10 Error: [MissingControllerException] Controller class CssController could not be found.
Exception Attributes: array (
  'class' => 'CssController',
  'plugin' => NULL,
)
Request URL: /samed/css/font-google.css
Stack Trace:
#0 D:\projetos\samed\app\webroot\index.php(141): Dispatcher->dispatch(Object(CakeRequest), Object(CakeResponse))
#1 {main}
2025-09-08 02:03:10 Error: [MissingControllerException] Controller class JsController could not be found.
Exception Attributes: array (
  'class' => 'JsController',
  'plugin' => NULL,
)
Request URL: /samed/js/plugin/pace/pace.min.js
Stack Trace:
#0 D:\projetos\samed\app\webroot\index.php(141): Dispatcher->dispatch(Object(CakeRequest), Object(CakeResponse))
#1 {main}
2025-09-08 02:03:10 Error: [MissingControllerException] Controller class JsController could not be found.
Exception Attributes: array (
  'class' => 'JsController',
  'plugin' => NULL,
)
Request URL: /samed/js/jquery.min.js
Stack Trace:
#0 D:\projetos\samed\app\webroot\index.php(141): Dispatcher->dispatch(Object(CakeRequest), Object(CakeResponse))
#1 {main}
2025-09-08 02:03:11 Error: [MissingControllerException] Controller class JsController could not be found.
Exception Attributes: array (
  'class' => 'JsController',
  'plugin' => NULL,
)
Request URL: /samed/js/jquery-ui.min.js
Stack Trace:
#0 D:\projetos\samed\app\webroot\index.php(141): Dispatcher->dispatch(Object(CakeRequest), Object(CakeResponse))
#1 {main}
2025-09-08 02:03:11 Error: [MissingControllerException] Controller class JsController could not be found.
Exception Attributes: array (
  'class' => 'JsController',
  'plugin' => NULL,
)
Request URL: /samed/js/jquery.min.js
Stack Trace:
#0 D:\projetos\samed\app\webroot\index.php(141): Dispatcher->dispatch(Object(CakeRequest), Object(CakeResponse))
#1 {main}
2025-09-08 02:03:11 Error: [MissingControllerException] Controller class JsController could not be found.
Exception Attributes: array (
  'class' => 'JsController',
  'plugin' => NULL,
)
Request URL: /samed/js/plugin/pace/pace.min.js
Stack Trace:
#0 D:\projetos\samed\app\webroot\index.php(141): Dispatcher->dispatch(Object(CakeRequest), Object(CakeResponse))
#1 {main}
2025-09-08 02:03:11 Error: [MissingControllerException] Controller class JsController could not be found.
Exception Attributes: array (
  'class' => 'JsController',
  'plugin' => NULL,
)
Request URL: /samed/js/jquery-ui.min.js
Stack Trace:
#0 D:\projetos\samed\app\webroot\index.php(141): Dispatcher->dispatch(Object(CakeRequest), Object(CakeResponse))
#1 {main}
2025-09-08 02:03:41 Error: [PDOException] SQLSTATE[42000]: Syntax error or access violation: 1305 FUNCTION agendamento.md5 does not exist
Request URL: /samed/admin/home
Stack Trace:
#0 D:\projetos\samed\lib\Cake\Model\Datasource\DboSource.php(458): PDOStatement->execute(Array)
#1 D:\projetos\samed\lib\Cake\Model\Datasource\DboSource.php(424): DboSource->_execute('SELECT COUNT(*)...', Array)
#2 D:\projetos\samed\lib\Cake\Model\Datasource\DboSource.php(665): DboSource->execute('SELECT COUNT(*)...', Array, Array)
#3 D:\projetos\samed\lib\Cake\Model\Datasource\DboSource.php(1077): DboSource->fetchAll('SELECT COUNT(*)...', false)
#4 D:\projetos\samed\lib\Cake\Model\Model.php(2903): DboSource->read(Object(Agendamento), Array)
#5 D:\projetos\samed\lib\Cake\Model\Model.php(2875): Model->_readDataSource('count', Array)
#6 D:\projetos\samed\app\Controller\HomeController.php(115): Model->find('count', Array)
#7 [internal function]: HomeController->admin_index()
#8 D:\projetos\samed\lib\Cake\Controller\Controller.php(490): ReflectionMethod->invokeArgs(Object(HomeController), Array)
#9 D:\projetos\samed\lib\Cake\Routing\Dispatcher.php(185): Controller->invokeAction(Object(CakeRequest))
#10 D:\projetos\samed\lib\Cake\Routing\Dispatcher.php(160): Dispatcher->_invoke(Object(HomeController), Object(CakeRequest), Object(CakeResponse))
#11 D:\projetos\samed\app\webroot\index.php(141): Dispatcher->dispatch(Object(CakeRequest), Object(CakeResponse))
#12 {main}
2025-09-08 02:03:41 Error: [MissingControllerException] Controller class CssController could not be found.
Exception Attributes: array (
  'class' => 'CssController',
  'plugin' => NULL,
)
Request URL: /samed/css/bootstrap.min.css
Stack Trace:
#0 D:\projetos\samed\app\webroot\index.php(141): Dispatcher->dispatch(Object(CakeRequest), Object(CakeResponse))
#1 {main}
2025-09-08 02:03:41 Error: [MissingControllerException] Controller class CssController could not be found.
Exception Attributes: array (
  'class' => 'CssController',
  'plugin' => NULL,
)
Request URL: /samed/css/font-google.css
Stack Trace:
#0 D:\projetos\samed\app\webroot\index.php(141): Dispatcher->dispatch(Object(CakeRequest), Object(CakeResponse))
#1 {main}
2025-09-08 02:03:41 Error: [MissingControllerException] Controller class CssController could not be found.
Exception Attributes: array (
  'class' => 'CssController',
  'plugin' => NULL,
)
Request URL: /samed/css/font-awesome.min.css
Stack Trace:
#0 D:\projetos\samed\app\webroot\index.php(141): Dispatcher->dispatch(Object(CakeRequest), Object(CakeResponse))
#1 {main}
2025-09-08 02:03:41 Error: [MissingControllerException] Controller class CssController could not be found.
Exception Attributes: array (
  'class' => 'CssController',
  'plugin' => NULL,
)
Request URL: /samed/css/demo.css
Stack Trace:
#0 D:\projetos\samed\app\webroot\index.php(141): Dispatcher->dispatch(Object(CakeRequest), Object(CakeResponse))
#1 {main}
2025-09-08 02:03:41 Error: [MissingControllerException] Controller class CssController could not be found.
Exception Attributes: array (
  'class' => 'CssController',
  'plugin' => NULL,
)
Request URL: /samed/css/smartadmin-skins.css
Stack Trace:
#0 D:\projetos\samed\app\webroot\index.php(141): Dispatcher->dispatch(Object(CakeRequest), Object(CakeResponse))
#1 {main}
2025-09-08 02:03:41 Error: [MissingControllerException] Controller class CssController could not be found.
Exception Attributes: array (
  'class' => 'CssController',
  'plugin' => NULL,
)
Request URL: /samed/css/smartadmin-production.css
Stack Trace:
#0 D:\projetos\samed\app\webroot\index.php(141): Dispatcher->dispatch(Object(CakeRequest), Object(CakeResponse))
#1 {main}
2025-09-08 02:03:41 Error: [MissingControllerException] Controller class JsController could not be found.
Exception Attributes: array (
  'class' => 'JsController',
  'plugin' => NULL,
)
Request URL: /samed/js/plugin/pace/pace.min.js
Stack Trace:
#0 D:\projetos\samed\app\webroot\index.php(141): Dispatcher->dispatch(Object(CakeRequest), Object(CakeResponse))
#1 {main}
2025-09-08 02:03:41 Error: [MissingControllerException] Controller class JsController could not be found.
Exception Attributes: array (
  'class' => 'JsController',
  'plugin' => NULL,
)
Request URL: /samed/js/jquery.min.js
Stack Trace:
#0 D:\projetos\samed\app\webroot\index.php(141): Dispatcher->dispatch(Object(CakeRequest), Object(CakeResponse))
#1 {main}
2025-09-08 02:03:41 Error: [MissingControllerException] Controller class JsController could not be found.
Exception Attributes: array (
  'class' => 'JsController',
  'plugin' => NULL,
)
Request URL: /samed/js/jquery-ui.min.js
Stack Trace:
#0 D:\projetos\samed\app\webroot\index.php(141): Dispatcher->dispatch(Object(CakeRequest), Object(CakeResponse))
#1 {main}
2025-09-08 02:04:14 Error: [PDOException] SQLSTATE[42000]: Syntax error or access violation: 1305 FUNCTION agendamento.md5 does not exist
Request URL: /samed/admin/home
Stack Trace:
#0 D:\projetos\samed\lib\Cake\Model\Datasource\DboSource.php(458): PDOStatement->execute(Array)
#1 D:\projetos\samed\lib\Cake\Model\Datasource\DboSource.php(424): DboSource->_execute('SELECT COUNT(*)...', Array)
#2 D:\projetos\samed\lib\Cake\Model\Datasource\DboSource.php(665): DboSource->execute('SELECT COUNT(*)...', Array, Array)
#3 D:\projetos\samed\lib\Cake\Model\Datasource\DboSource.php(1077): DboSource->fetchAll('SELECT COUNT(*)...', false)
#4 D:\projetos\samed\lib\Cake\Model\Model.php(2903): DboSource->read(Object(Agendamento), Array)
#5 D:\projetos\samed\lib\Cake\Model\Model.php(2875): Model->_readDataSource('count', Array)
#6 D:\projetos\samed\app\Controller\HomeController.php(115): Model->find('count', Array)
#7 [internal function]: HomeController->admin_index()
#8 D:\projetos\samed\lib\Cake\Controller\Controller.php(490): ReflectionMethod->invokeArgs(Object(HomeController), Array)
#9 D:\projetos\samed\lib\Cake\Routing\Dispatcher.php(185): Controller->invokeAction(Object(CakeRequest))
#10 D:\projetos\samed\lib\Cake\Routing\Dispatcher.php(160): Dispatcher->_invoke(Object(HomeController), Object(CakeRequest), Object(CakeResponse))
#11 D:\projetos\samed\app\webroot\index.php(141): Dispatcher->dispatch(Object(CakeRequest), Object(CakeResponse))
#12 {main}
2025-09-08 02:04:14 Error: [MissingControllerException] Controller class CssController could not be found.
Exception Attributes: array (
  'class' => 'CssController',
  'plugin' => NULL,
)
Request URL: /samed/css/bootstrap.min.css
Stack Trace:
#0 D:\projetos\samed\app\webroot\index.php(141): Dispatcher->dispatch(Object(CakeRequest), Object(CakeResponse))
#1 {main}
2025-09-08 02:04:14 Error: [MissingControllerException] Controller class CssController could not be found.
Exception Attributes: array (
  'class' => 'CssController',
  'plugin' => NULL,
)
Request URL: /samed/css/smartadmin-skins.css
Stack Trace:
#0 D:\projetos\samed\app\webroot\index.php(141): Dispatcher->dispatch(Object(CakeRequest), Object(CakeResponse))
#1 {main}
2025-09-08 02:04:14 Error: [MissingControllerException] Controller class CssController could not be found.
Exception Attributes: array (
  'class' => 'CssController',
  'plugin' => NULL,
)
Request URL: /samed/css/font-google.css
Stack Trace:
#0 D:\projetos\samed\app\webroot\index.php(141): Dispatcher->dispatch(Object(CakeRequest), Object(CakeResponse))
#1 {main}
2025-09-08 02:04:14 Error: [MissingControllerException] Controller class CssController could not be found.
Exception Attributes: array (
  'class' => 'CssController',
  'plugin' => NULL,
)
Request URL: /samed/css/smartadmin-production.css
Stack Trace:
#0 D:\projetos\samed\app\webroot\index.php(141): Dispatcher->dispatch(Object(CakeRequest), Object(CakeResponse))
#1 {main}
2025-09-08 02:04:14 Error: [MissingControllerException] Controller class CssController could not be found.
Exception Attributes: array (
  'class' => 'CssController',
  'plugin' => NULL,
)
Request URL: /samed/css/demo.css
Stack Trace:
#0 D:\projetos\samed\app\webroot\index.php(141): Dispatcher->dispatch(Object(CakeRequest), Object(CakeResponse))
#1 {main}
2025-09-08 02:04:14 Error: [MissingControllerException] Controller class CssController could not be found.
Exception Attributes: array (
  'class' => 'CssController',
  'plugin' => NULL,
)
Request URL: /samed/css/font-awesome.min.css
Stack Trace:
#0 D:\projetos\samed\app\webroot\index.php(141): Dispatcher->dispatch(Object(CakeRequest), Object(CakeResponse))
#1 {main}
2025-09-08 02:04:14 Error: [MissingControllerException] Controller class JsController could not be found.
Exception Attributes: array (
  'class' => 'JsController',
  'plugin' => NULL,
)
Request URL: /samed/js/plugin/pace/pace.min.js
Stack Trace:
#0 D:\projetos\samed\app\webroot\index.php(141): Dispatcher->dispatch(Object(CakeRequest), Object(CakeResponse))
#1 {main}
2025-09-08 02:04:14 Error: [MissingControllerException] Controller class JsController could not be found.
Exception Attributes: array (
  'class' => 'JsController',
  'plugin' => NULL,
)
Request URL: /samed/js/jquery.min.js
Stack Trace:
#0 D:\projetos\samed\app\webroot\index.php(141): Dispatcher->dispatch(Object(CakeRequest), Object(CakeResponse))
#1 {main}
2025-09-08 02:04:14 Error: [MissingControllerException] Controller class JsController could not be found.
Exception Attributes: array (
  'class' => 'JsController',
  'plugin' => NULL,
)
Request URL: /samed/js/jquery-ui.min.js
Stack Trace:
#0 D:\projetos\samed\app\webroot\index.php(141): Dispatcher->dispatch(Object(CakeRequest), Object(CakeResponse))
#1 {main}
2025-09-08 02:06:50 Error: Fatal Error (1): Class 'Parent' not found in [D:\projetos\samed\app\Controller\AgendamentoController.php, line 141]
2025-09-08 02:06:50 Error: [FatalErrorException] Class 'Parent' not found
Request URL: /samed/admin/agendamento/index/search:quem_criou
Stack Trace:
#0 D:\projetos\samed\lib\Cake\Error\ErrorHandler.php(203): ErrorHandler::handleFatalError(1, 'Class 'Parent' ...', 'D:\projetos\sam...', 141)
#1 [internal function]: ErrorHandler::handleError(1, 'Class 'Parent' ...', 'D:\projetos\sam...', 141, Array)
#2 D:\projetos\samed\lib\Cake\Core\App.php(929): call_user_func('ErrorHandler::h...', 1, 'Class 'Parent' ...', 'D:\projetos\sam...', 141, Array)
#3 D:\projetos\samed\lib\Cake\Core\App.php(902): App::_checkFatalError()
#4 [internal function]: App::shutdown()
#5 {main}
2025-09-08 02:06:50 Error: [MissingControllerException] Controller class CssController could not be found.
Exception Attributes: array (
  'class' => 'CssController',
  'plugin' => NULL,
)
Request URL: /samed/css/bootstrap.min.css
Stack Trace:
#0 D:\projetos\samed\app\webroot\index.php(141): Dispatcher->dispatch(Object(CakeRequest), Object(CakeResponse))
#1 {main}
2025-09-08 02:06:50 Error: [MissingControllerException] Controller class CssController could not be found.
Exception Attributes: array (
  'class' => 'CssController',
  'plugin' => NULL,
)
Request URL: /samed/css/demo.css
Stack Trace:
#0 D:\projetos\samed\app\webroot\index.php(141): Dispatcher->dispatch(Object(CakeRequest), Object(CakeResponse))
#1 {main}
2025-09-08 02:06:50 Error: [MissingControllerException] Controller class CssController could not be found.
Exception Attributes: array (
  'class' => 'CssController',
  'plugin' => NULL,
)
Request URL: /samed/css/font-awesome.min.css
Stack Trace:
#0 D:\projetos\samed\app\webroot\index.php(141): Dispatcher->dispatch(Object(CakeRequest), Object(CakeResponse))
#1 {main}
2025-09-08 02:06:50 Error: [MissingControllerException] Controller class CssController could not be found.
Exception Attributes: array (
  'class' => 'CssController',
  'plugin' => NULL,
)
Request URL: /samed/css/smartadmin-production.css
Stack Trace:
#0 D:\projetos\samed\app\webroot\index.php(141): Dispatcher->dispatch(Object(CakeRequest), Object(CakeResponse))
#1 {main}
2025-09-08 02:06:50 Error: [MissingControllerException] Controller class CssController could not be found.
Exception Attributes: array (
  'class' => 'CssController',
  'plugin' => NULL,
)
Request URL: /samed/css/font-google.css
Stack Trace:
#0 D:\projetos\samed\app\webroot\index.php(141): Dispatcher->dispatch(Object(CakeRequest), Object(CakeResponse))
#1 {main}
2025-09-08 02:06:50 Error: [MissingControllerException] Controller class CssController could not be found.
Exception Attributes: array (
  'class' => 'CssController',
  'plugin' => NULL,
)
Request URL: /samed/css/smartadmin-skins.css
Stack Trace:
#0 D:\projetos\samed\app\webroot\index.php(141): Dispatcher->dispatch(Object(CakeRequest), Object(CakeResponse))
#1 {main}
2025-09-08 02:06:50 Error: [MissingControllerException] Controller class JsController could not be found.
Exception Attributes: array (
  'class' => 'JsController',
  'plugin' => NULL,
)
Request URL: /samed/js/plugin/pace/pace.min.js
Stack Trace:
#0 D:\projetos\samed\app\webroot\index.php(141): Dispatcher->dispatch(Object(CakeRequest), Object(CakeResponse))
#1 {main}
2025-09-08 02:06:50 Error: [MissingControllerException] Controller class JsController could not be found.
Exception Attributes: array (
  'class' => 'JsController',
  'plugin' => NULL,
)
Request URL: /samed/js/jquery.min.js
Stack Trace:
#0 D:\projetos\samed\app\webroot\index.php(141): Dispatcher->dispatch(Object(CakeRequest), Object(CakeResponse))
#1 {main}
2025-09-08 02:06:50 Error: [MissingControllerException] Controller class JsController could not be found.
Exception Attributes: array (
  'class' => 'JsController',
  'plugin' => NULL,
)
Request URL: /samed/js/jquery-ui.min.js
Stack Trace:
#0 D:\projetos\samed\app\webroot\index.php(141): Dispatcher->dispatch(Object(CakeRequest), Object(CakeResponse))
#1 {main}
2025-09-08 02:07:23 Error: [PDOException] SQLSTATE[42000]: Syntax error or access violation: 1305 FUNCTION agendamentoagendamento.md5 does not exist
Request URL: /samed/admin/agendamento/index/search:quem_criou
Stack Trace:
#0 D:\projetos\samed\lib\Cake\Model\Datasource\DboSource.php(458): PDOStatement->execute(Array)
#1 D:\projetos\samed\lib\Cake\Model\Datasource\DboSource.php(424): DboSource->_execute('??            S...', Array)
#2 D:\projetos\samed\lib\Cake\Model\Datasource\DboSource.php(665): DboSource->execute('??            S...', Array, Array)
#3 D:\projetos\samed\lib\Cake\Model\Datasource\DboSource.php(537): DboSource->fetchAll('??            S...')
#4 [internal function]: DboSource->query('??            S...')
#5 D:\projetos\samed\lib\Cake\Model\Model.php(3307): call_user_func_array(Array, Array)
#6 D:\projetos\samed\app\Model\Agendamento.php(96): Model->query('??            S...')
#7 D:\projetos\samed\lib\Cake\Controller\Component\PaginatorComponent.php(190): Agendamento->paginate(Array, NULL, Array, 20, 1, 1, Array)
#8 D:\projetos\samed\app\Controller\AgendamentoController.php(245): PaginatorComponent->paginate('Agendamento')
#9 [internal function]: AgendamentoController->admin_index()
#10 D:\projetos\samed\lib\Cake\Controller\Controller.php(490): ReflectionMethod->invokeArgs(Object(AgendamentoController), Array)
#11 D:\projetos\samed\lib\Cake\Routing\Dispatcher.php(185): Controller->invokeAction(Object(CakeRequest))
#12 D:\projetos\samed\lib\Cake\Routing\Dispatcher.php(160): Dispatcher->_invoke(Object(AgendamentoController), Object(CakeRequest), Object(CakeResponse))
#13 D:\projetos\samed\app\webroot\index.php(141): Dispatcher->dispatch(Object(CakeRequest), Object(CakeResponse))
#14 {main}
2025-09-08 02:07:23 Error: [MissingControllerException] Controller class CssController could not be found.
Exception Attributes: array (
  'class' => 'CssController',
  'plugin' => NULL,
)
Request URL: /samed/css/bootstrap.min.css
Stack Trace:
#0 D:\projetos\samed\app\webroot\index.php(141): Dispatcher->dispatch(Object(CakeRequest), Object(CakeResponse))
#1 {main}
2025-09-08 02:07:23 Error: [MissingControllerException] Controller class CssController could not be found.
Exception Attributes: array (
  'class' => 'CssController',
  'plugin' => NULL,
)
Request URL: /samed/css/font-google.css
Stack Trace:
#0 D:\projetos\samed\app\webroot\index.php(141): Dispatcher->dispatch(Object(CakeRequest), Object(CakeResponse))
#1 {main}
2025-09-08 02:07:23 Error: [MissingControllerException] Controller class CssController could not be found.
Exception Attributes: array (
  'class' => 'CssController',
  'plugin' => NULL,
)
Request URL: /samed/css/font-awesome.min.css
Stack Trace:
#0 D:\projetos\samed\app\webroot\index.php(141): Dispatcher->dispatch(Object(CakeRequest), Object(CakeResponse))
#1 {main}
2025-09-08 02:07:23 Error: [MissingControllerException] Controller class CssController could not be found.
Exception Attributes: array (
  'class' => 'CssController',
  'plugin' => NULL,
)
Request URL: /samed/css/demo.css
Stack Trace:
#0 D:\projetos\samed\app\webroot\index.php(141): Dispatcher->dispatch(Object(CakeRequest), Object(CakeResponse))
#1 {main}
2025-09-08 02:07:23 Error: [MissingControllerException] Controller class CssController could not be found.
Exception Attributes: array (
  'class' => 'CssController',
  'plugin' => NULL,
)
Request URL: /samed/css/smartadmin-production.css
Stack Trace:
#0 D:\projetos\samed\app\webroot\index.php(141): Dispatcher->dispatch(Object(CakeRequest), Object(CakeResponse))
#1 {main}
2025-09-08 02:07:23 Error: [MissingControllerException] Controller class CssController could not be found.
Exception Attributes: array (
  'class' => 'CssController',
  'plugin' => NULL,
)
Request URL: /samed/css/smartadmin-skins.css
Stack Trace:
#0 D:\projetos\samed\app\webroot\index.php(141): Dispatcher->dispatch(Object(CakeRequest), Object(CakeResponse))
#1 {main}
2025-09-08 02:07:23 Error: [MissingControllerException] Controller class JsController could not be found.
Exception Attributes: array (
  'class' => 'JsController',
  'plugin' => NULL,
)
Request URL: /samed/js/plugin/pace/pace.min.js
Stack Trace:
#0 D:\projetos\samed\app\webroot\index.php(141): Dispatcher->dispatch(Object(CakeRequest), Object(CakeResponse))
#1 {main}
2025-09-08 02:07:23 Error: [MissingControllerException] Controller class JsController could not be found.
Exception Attributes: array (
  'class' => 'JsController',
  'plugin' => NULL,
)
Request URL: /samed/js/jquery.min.js
Stack Trace:
#0 D:\projetos\samed\app\webroot\index.php(141): Dispatcher->dispatch(Object(CakeRequest), Object(CakeResponse))
#1 {main}
2025-09-08 02:07:23 Error: [MissingControllerException] Controller class JsController could not be found.
Exception Attributes: array (
  'class' => 'JsController',
  'plugin' => NULL,
)
Request URL: /samed/js/jquery-ui.min.js
Stack Trace:
#0 D:\projetos\samed\app\webroot\index.php(141): Dispatcher->dispatch(Object(CakeRequest), Object(CakeResponse))
#1 {main}
2025-09-08 02:09:58 Error: [PDOException] SQLSTATE[23000]: Integrity constraint violation: 1052 Column 'status' in where clause is ambiguous
Request URL: /samed/admin/agendamento/index/search:atribuidos
Stack Trace:
#0 D:\projetos\samed\lib\Cake\Model\Datasource\DboSource.php(458): PDOStatement->execute(Array)
#1 D:\projetos\samed\lib\Cake\Model\Datasource\DboSource.php(424): DboSource->_execute('??            S...', Array)
#2 D:\projetos\samed\lib\Cake\Model\Datasource\DboSource.php(665): DboSource->execute('??            S...', Array, Array)
#3 D:\projetos\samed\lib\Cake\Model\Datasource\DboSource.php(537): DboSource->fetchAll('??            S...')
#4 [internal function]: DboSource->query('??            S...')
#5 D:\projetos\samed\lib\Cake\Model\Model.php(3307): call_user_func_array(Array, Array)
#6 D:\projetos\samed\app\Model\Agendamento.php(96): Model->query('??            S...')
#7 D:\projetos\samed\lib\Cake\Controller\Component\PaginatorComponent.php(190): Agendamento->paginate(Array, NULL, Array, 20, 1, 1, Array)
#8 D:\projetos\samed\app\Controller\AgendamentoController.php(248): PaginatorComponent->paginate('Agendamento')
#9 [internal function]: AgendamentoController->admin_index()
#10 D:\projetos\samed\lib\Cake\Controller\Controller.php(490): ReflectionMethod->invokeArgs(Object(AgendamentoController), Array)
#11 D:\projetos\samed\lib\Cake\Routing\Dispatcher.php(185): Controller->invokeAction(Object(CakeRequest))
#12 D:\projetos\samed\lib\Cake\Routing\Dispatcher.php(160): Dispatcher->_invoke(Object(AgendamentoController), Object(CakeRequest), Object(CakeResponse))
#13 D:\projetos\samed\app\webroot\index.php(141): Dispatcher->dispatch(Object(CakeRequest), Object(CakeResponse))
#14 {main}
2025-09-08 02:09:58 Error: [MissingControllerException] Controller class CssController could not be found.
Exception Attributes: array (
  'class' => 'CssController',
  'plugin' => NULL,
)
Request URL: /samed/css/bootstrap.min.css
Stack Trace:
#0 D:\projetos\samed\app\webroot\index.php(141): Dispatcher->dispatch(Object(CakeRequest), Object(CakeResponse))
#1 {main}
2025-09-08 02:09:58 Error: [MissingControllerException] Controller class CssController could not be found.
Exception Attributes: array (
  'class' => 'CssController',
  'plugin' => NULL,
)
Request URL: /samed/css/font-google.css
Stack Trace:
#0 D:\projetos\samed\app\webroot\index.php(141): Dispatcher->dispatch(Object(CakeRequest), Object(CakeResponse))
#1 {main}
2025-09-08 02:09:58 Error: [MissingControllerException] Controller class CssController could not be found.
Exception Attributes: array (
  'class' => 'CssController',
  'plugin' => NULL,
)
Request URL: /samed/css/demo.css
Stack Trace:
#0 D:\projetos\samed\app\webroot\index.php(141): Dispatcher->dispatch(Object(CakeRequest), Object(CakeResponse))
#1 {main}
2025-09-08 02:09:58 Error: [MissingControllerException] Controller class CssController could not be found.
Exception Attributes: array (
  'class' => 'CssController',
  'plugin' => NULL,
)
Request URL: /samed/css/font-awesome.min.css
Stack Trace:
#0 D:\projetos\samed\app\webroot\index.php(141): Dispatcher->dispatch(Object(CakeRequest), Object(CakeResponse))
#1 {main}
2025-09-08 02:09:58 Error: [MissingControllerException] Controller class CssController could not be found.
Exception Attributes: array (
  'class' => 'CssController',
  'plugin' => NULL,
)
Request URL: /samed/css/smartadmin-skins.css
Stack Trace:
#0 D:\projetos\samed\app\webroot\index.php(141): Dispatcher->dispatch(Object(CakeRequest), Object(CakeResponse))
#1 {main}
2025-09-08 02:09:58 Error: [MissingControllerException] Controller class CssController could not be found.
Exception Attributes: array (
  'class' => 'CssController',
  'plugin' => NULL,
)
Request URL: /samed/css/smartadmin-production.css
Stack Trace:
#0 D:\projetos\samed\app\webroot\index.php(141): Dispatcher->dispatch(Object(CakeRequest), Object(CakeResponse))
#1 {main}
2025-09-08 02:09:58 Error: [MissingControllerException] Controller class JsController could not be found.
Exception Attributes: array (
  'class' => 'JsController',
  'plugin' => NULL,
)
Request URL: /samed/js/jquery.min.js
Stack Trace:
#0 D:\projetos\samed\app\webroot\index.php(141): Dispatcher->dispatch(Object(CakeRequest), Object(CakeResponse))
#1 {main}
2025-09-08 02:09:58 Error: [MissingControllerException] Controller class JsController could not be found.
Exception Attributes: array (
  'class' => 'JsController',
  'plugin' => NULL,
)
Request URL: /samed/js/plugin/pace/pace.min.js
Stack Trace:
#0 D:\projetos\samed\app\webroot\index.php(141): Dispatcher->dispatch(Object(CakeRequest), Object(CakeResponse))
#1 {main}
2025-09-08 02:09:58 Error: [MissingControllerException] Controller class JsController could not be found.
Exception Attributes: array (
  'class' => 'JsController',
  'plugin' => NULL,
)
Request URL: /samed/js/jquery-ui.min.js
Stack Trace:
#0 D:\projetos\samed\app\webroot\index.php(141): Dispatcher->dispatch(Object(CakeRequest), Object(CakeResponse))
#1 {main}
2025-09-08 02:09:59 Error: [MissingControllerException] Controller class JsController could not be found.
Exception Attributes: array (
  'class' => 'JsController',
  'plugin' => NULL,
)
Request URL: /samed/js/jquery.min.js
Stack Trace:
#0 D:\projetos\samed\app\webroot\index.php(141): Dispatcher->dispatch(Object(CakeRequest), Object(CakeResponse))
#1 {main}
2025-09-08 02:09:59 Error: [MissingControllerException] Controller class JsController could not be found.
Exception Attributes: array (
  'class' => 'JsController',
  'plugin' => NULL,
)
Request URL: /samed/js/plugin/pace/pace.min.js
Stack Trace:
#0 D:\projetos\samed\app\webroot\index.php(141): Dispatcher->dispatch(Object(CakeRequest), Object(CakeResponse))
#1 {main}
2025-09-08 02:09:59 Error: [MissingControllerException] Controller class JsController could not be found.
Exception Attributes: array (
  'class' => 'JsController',
  'plugin' => NULL,
)
Request URL: /samed/js/jquery-ui.min.js
Stack Trace:
#0 D:\projetos\samed\app\webroot\index.php(141): Dispatcher->dispatch(Object(CakeRequest), Object(CakeResponse))
#1 {main}
2025-09-08 02:14:15 Error: Fatal Error (4): syntax error, unexpected ')' in [D:\projetos\samed\app\Controller\AgendamentoController.php, line 140]
2025-09-08 02:14:15 Error: [FatalErrorException] syntax error, unexpected ')'
Request URL: /samed/admin/agendamento/index/search:atribuidos
Stack Trace:
#0 D:\projetos\samed\lib\Cake\Error\ErrorHandler.php(203): ErrorHandler::handleFatalError(4, 'syntax error, u...', 'D:\projetos\sam...', 140)
#1 [internal function]: ErrorHandler::handleError(4, 'syntax error, u...', 'D:\projetos\sam...', 140, Array)
#2 D:\projetos\samed\lib\Cake\Core\App.php(929): call_user_func('ErrorHandler::h...', 4, 'syntax error, u...', 'D:\projetos\sam...', 140, Array)
#3 D:\projetos\samed\lib\Cake\Core\App.php(902): App::_checkFatalError()
#4 [internal function]: App::shutdown()
#5 {main}
2025-09-08 02:14:16 Error: [MissingControllerException] Controller class CssController could not be found.
Exception Attributes: array (
  'class' => 'CssController',
  'plugin' => NULL,
)
Request URL: /samed/css/bootstrap.min.css
Stack Trace:
#0 D:\projetos\samed\app\webroot\index.php(141): Dispatcher->dispatch(Object(CakeRequest), Object(CakeResponse))
#1 {main}
2025-09-08 02:14:16 Error: [MissingControllerException] Controller class CssController could not be found.
Exception Attributes: array (
  'class' => 'CssController',
  'plugin' => NULL,
)
Request URL: /samed/css/font-awesome.min.css
Stack Trace:
#0 D:\projetos\samed\app\webroot\index.php(141): Dispatcher->dispatch(Object(CakeRequest), Object(CakeResponse))
#1 {main}
2025-09-08 02:14:16 Error: [MissingControllerException] Controller class CssController could not be found.
Exception Attributes: array (
  'class' => 'CssController',
  'plugin' => NULL,
)
Request URL: /samed/css/smartadmin-skins.css
Stack Trace:
#0 D:\projetos\samed\app\webroot\index.php(141): Dispatcher->dispatch(Object(CakeRequest), Object(CakeResponse))
#1 {main}
2025-09-08 02:14:16 Error: [MissingControllerException] Controller class CssController could not be found.
Exception Attributes: array (
  'class' => 'CssController',
  'plugin' => NULL,
)
Request URL: /samed/css/font-google.css
Stack Trace:
#0 D:\projetos\samed\app\webroot\index.php(141): Dispatcher->dispatch(Object(CakeRequest), Object(CakeResponse))
#1 {main}
2025-09-08 02:14:16 Error: [MissingControllerException] Controller class CssController could not be found.
Exception Attributes: array (
  'class' => 'CssController',
  'plugin' => NULL,
)
Request URL: /samed/css/demo.css
Stack Trace:
#0 D:\projetos\samed\app\webroot\index.php(141): Dispatcher->dispatch(Object(CakeRequest), Object(CakeResponse))
#1 {main}
2025-09-08 02:14:16 Error: [MissingControllerException] Controller class CssController could not be found.
Exception Attributes: array (
  'class' => 'CssController',
  'plugin' => NULL,
)
Request URL: /samed/css/smartadmin-production.css
Stack Trace:
#0 D:\projetos\samed\app\webroot\index.php(141): Dispatcher->dispatch(Object(CakeRequest), Object(CakeResponse))
#1 {main}
2025-09-08 02:14:16 Error: [MissingControllerException] Controller class JsController could not be found.
Exception Attributes: array (
  'class' => 'JsController',
  'plugin' => NULL,
)
Request URL: /samed/js/plugin/pace/pace.min.js
Stack Trace:
#0 D:\projetos\samed\app\webroot\index.php(141): Dispatcher->dispatch(Object(CakeRequest), Object(CakeResponse))
#1 {main}
2025-09-08 02:14:16 Error: [MissingControllerException] Controller class JsController could not be found.
Exception Attributes: array (
  'class' => 'JsController',
  'plugin' => NULL,
)
Request URL: /samed/js/jquery.min.js
Stack Trace:
#0 D:\projetos\samed\app\webroot\index.php(141): Dispatcher->dispatch(Object(CakeRequest), Object(CakeResponse))
#1 {main}
2025-09-08 02:14:16 Error: [MissingControllerException] Controller class JsController could not be found.
Exception Attributes: array (
  'class' => 'JsController',
  'plugin' => NULL,
)
Request URL: /samed/js/jquery-ui.min.js
Stack Trace:
#0 D:\projetos\samed\app\webroot\index.php(141): Dispatcher->dispatch(Object(CakeRequest), Object(CakeResponse))
#1 {main}
2025-09-08 02:29:25 Error: Fatal Error (4): syntax error, unexpected end of file in [D:\projetos\samed\app\View\Helper\FuncoesHelper.php, line 1570]
2025-09-08 02:29:25 Error: [FatalErrorException] syntax error, unexpected end of file
Request URL: /samed/admin/agendamento
Stack Trace:
#0 D:\projetos\samed\lib\Cake\Error\ErrorHandler.php(203): ErrorHandler::handleFatalError(4, 'syntax error, u...', 'D:\projetos\sam...', 1570)
#1 [internal function]: ErrorHandler::handleError(4, 'syntax error, u...', 'D:\projetos\sam...', 1570, Array)
#2 D:\projetos\samed\lib\Cake\Core\App.php(929): call_user_func('ErrorHandler::h...', 4, 'syntax error, u...', 'D:\projetos\sam...', 1570, Array)
#3 D:\projetos\samed\lib\Cake\Core\App.php(902): App::_checkFatalError()
#4 [internal function]: App::shutdown()
#5 {main}
2025-09-08 02:29:25 Error: [MissingControllerException] Controller class CssController could not be found.
Exception Attributes: array (
  'class' => 'CssController',
  'plugin' => NULL,
)
Request URL: /samed/css/bootstrap.min.css
Stack Trace:
#0 D:\projetos\samed\app\webroot\index.php(141): Dispatcher->dispatch(Object(CakeRequest), Object(CakeResponse))
#1 {main}
2025-09-08 02:29:25 Error: [MissingControllerException] Controller class CssController could not be found.
Exception Attributes: array (
  'class' => 'CssController',
  'plugin' => NULL,
)
Request URL: /samed/css/demo.css
Stack Trace:
#0 D:\projetos\samed\app\webroot\index.php(141): Dispatcher->dispatch(Object(CakeRequest), Object(CakeResponse))
#1 {main}
2025-09-08 02:29:25 Error: [MissingControllerException] Controller class CssController could not be found.
Exception Attributes: array (
  'class' => 'CssController',
  'plugin' => NULL,
)
Request URL: /samed/css/font-awesome.min.css
Stack Trace:
#0 D:\projetos\samed\app\webroot\index.php(141): Dispatcher->dispatch(Object(CakeRequest), Object(CakeResponse))
#1 {main}
2025-09-08 02:29:25 Error: [MissingControllerException] Controller class CssController could not be found.
Exception Attributes: array (
  'class' => 'CssController',
  'plugin' => NULL,
)
Request URL: /samed/css/font-google.css
Stack Trace:
#0 D:\projetos\samed\app\webroot\index.php(141): Dispatcher->dispatch(Object(CakeRequest), Object(CakeResponse))
#1 {main}
2025-09-08 02:29:25 Error: [MissingControllerException] Controller class CssController could not be found.
Exception Attributes: array (
  'class' => 'CssController',
  'plugin' => NULL,
)
Request URL: /samed/css/smartadmin-production.css
Stack Trace:
#0 D:\projetos\samed\app\webroot\index.php(141): Dispatcher->dispatch(Object(CakeRequest), Object(CakeResponse))
#1 {main}
2025-09-08 02:29:25 Error: [MissingControllerException] Controller class CssController could not be found.
Exception Attributes: array (
  'class' => 'CssController',
  'plugin' => NULL,
)
Request URL: /samed/css/smartadmin-skins.css
Stack Trace:
#0 D:\projetos\samed\app\webroot\index.php(141): Dispatcher->dispatch(Object(CakeRequest), Object(CakeResponse))
#1 {main}
2025-09-08 02:29:25 Error: [MissingControllerException] Controller class JsController could not be found.
Exception Attributes: array (
  'class' => 'JsController',
  'plugin' => NULL,
)
Request URL: /samed/js/plugin/pace/pace.min.js
Stack Trace:
#0 D:\projetos\samed\app\webroot\index.php(141): Dispatcher->dispatch(Object(CakeRequest), Object(CakeResponse))
#1 {main}
2025-09-08 02:29:25 Error: [MissingControllerException] Controller class JsController could not be found.
Exception Attributes: array (
  'class' => 'JsController',
  'plugin' => NULL,
)
Request URL: /samed/js/jquery.min.js
Stack Trace:
#0 D:\projetos\samed\app\webroot\index.php(141): Dispatcher->dispatch(Object(CakeRequest), Object(CakeResponse))
#1 {main}
2025-09-08 02:29:26 Error: [MissingControllerException] Controller class JsController could not be found.
Exception Attributes: array (
  'class' => 'JsController',
  'plugin' => NULL,
)
Request URL: /samed/js/jquery-ui.min.js
Stack Trace:
#0 D:\projetos\samed\app\webroot\index.php(141): Dispatcher->dispatch(Object(CakeRequest), Object(CakeResponse))
#1 {main}
2025-09-08 02:29:26 Error: [MissingControllerException] Controller class JsController could not be found.
Exception Attributes: array (
  'class' => 'JsController',
  'plugin' => NULL,
)
Request URL: /samed/js/jquery.min.js
Stack Trace:
#0 D:\projetos\samed\app\webroot\index.php(141): Dispatcher->dispatch(Object(CakeRequest), Object(CakeResponse))
#1 {main}
2025-09-08 02:29:26 Error: [MissingControllerException] Controller class JsController could not be found.
Exception Attributes: array (
  'class' => 'JsController',
  'plugin' => NULL,
)
Request URL: /samed/js/plugin/pace/pace.min.js
Stack Trace:
#0 D:\projetos\samed\app\webroot\index.php(141): Dispatcher->dispatch(Object(CakeRequest), Object(CakeResponse))
#1 {main}
2025-09-08 02:29:26 Error: [MissingControllerException] Controller class JsController could not be found.
Exception Attributes: array (
  'class' => 'JsController',
  'plugin' => NULL,
)
Request URL: /samed/js/jquery-ui.min.js
Stack Trace:
#0 D:\projetos\samed\app\webroot\index.php(141): Dispatcher->dispatch(Object(CakeRequest), Object(CakeResponse))
#1 {main}
2025-09-08 02:30:00 Error: Fatal Error (4): syntax error, unexpected end of file in [D:\projetos\samed\app\View\Helper\FuncoesHelper.php, line 1568]
2025-09-08 02:30:00 Error: [FatalErrorException] syntax error, unexpected end of file
Request URL: /samed/admin/grupo_empresarial/selecione
Stack Trace:
#0 D:\projetos\samed\lib\Cake\Error\ErrorHandler.php(203): ErrorHandler::handleFatalError(4, 'syntax error, u...', 'D:\projetos\sam...', 1568)
#1 [internal function]: ErrorHandler::handleError(4, 'syntax error, u...', 'D:\projetos\sam...', 1568, Array)
#2 D:\projetos\samed\lib\Cake\Core\App.php(929): call_user_func('ErrorHandler::h...', 4, 'syntax error, u...', 'D:\projetos\sam...', 1568, Array)
#3 D:\projetos\samed\lib\Cake\Core\App.php(902): App::_checkFatalError()
#4 [internal function]: App::shutdown()
#5 {main}
2025-09-08 02:30:00 Error: [MissingControllerException] Controller class CssController could not be found.
Exception Attributes: array (
  'class' => 'CssController',
  'plugin' => NULL,
)
Request URL: /samed/css/bootstrap.min.css
Stack Trace:
#0 D:\projetos\samed\app\webroot\index.php(141): Dispatcher->dispatch(Object(CakeRequest), Object(CakeResponse))
#1 {main}
2025-09-08 02:30:00 Error: [MissingControllerException] Controller class CssController could not be found.
Exception Attributes: array (
  'class' => 'CssController',
  'plugin' => NULL,
)
Request URL: /samed/css/demo.css
Stack Trace:
#0 D:\projetos\samed\app\webroot\index.php(141): Dispatcher->dispatch(Object(CakeRequest), Object(CakeResponse))
#1 {main}
2025-09-08 02:30:00 Error: [MissingControllerException] Controller class CssController could not be found.
Exception Attributes: array (
  'class' => 'CssController',
  'plugin' => NULL,
)
Request URL: /samed/css/smartadmin-skins.css
Stack Trace:
#0 D:\projetos\samed\app\webroot\index.php(141): Dispatcher->dispatch(Object(CakeRequest), Object(CakeResponse))
#1 {main}
2025-09-08 02:30:00 Error: [MissingControllerException] Controller class CssController could not be found.
Exception Attributes: array (
  'class' => 'CssController',
  'plugin' => NULL,
)
Request URL: /samed/css/smartadmin-production.css
Stack Trace:
#0 D:\projetos\samed\app\webroot\index.php(141): Dispatcher->dispatch(Object(CakeRequest), Object(CakeResponse))
#1 {main}
2025-09-08 02:30:00 Error: [MissingControllerException] Controller class JsController could not be found.
Exception Attributes: array (
  'class' => 'JsController',
  'plugin' => NULL,
)
Request URL: /samed/js/plugin/pace/pace.min.js
Stack Trace:
#0 D:\projetos\samed\app\webroot\index.php(141): Dispatcher->dispatch(Object(CakeRequest), Object(CakeResponse))
#1 {main}
2025-09-08 02:30:00 Error: [MissingControllerException] Controller class CssController could not be found.
Exception Attributes: array (
  'class' => 'CssController',
  'plugin' => NULL,
)
Request URL: /samed/css/font-google.css
Stack Trace:
#0 D:\projetos\samed\app\webroot\index.php(141): Dispatcher->dispatch(Object(CakeRequest), Object(CakeResponse))
#1 {main}
2025-09-08 02:30:00 Error: Fatal Error (4): syntax error, unexpected end of file in [D:\projetos\samed\app\View\Helper\FuncoesHelper.php, line 1568]
2025-09-08 02:30:00 Error: [FatalErrorException] syntax error, unexpected end of file
Request URL: /samed/admin/grupo_empresarial/selecione
Stack Trace:
#0 D:\projetos\samed\lib\Cake\Error\ErrorHandler.php(203): ErrorHandler::handleFatalError(4, 'syntax error, u...', 'D:\projetos\sam...', 1568)
#1 [internal function]: ErrorHandler::handleError(4, 'syntax error, u...', 'D:\projetos\sam...', 1568, Array)
#2 D:\projetos\samed\lib\Cake\Core\App.php(929): call_user_func('ErrorHandler::h...', 4, 'syntax error, u...', 'D:\projetos\sam...', 1568, Array)
#3 D:\projetos\samed\lib\Cake\Core\App.php(902): App::_checkFatalError()
#4 [internal function]: App::shutdown()
#5 {main}
2025-09-08 02:30:00 Error: [MissingControllerException] Controller class JsController could not be found.
Exception Attributes: array (
  'class' => 'JsController',
  'plugin' => NULL,
)
Request URL: /samed/js/jquery.min.js
Stack Trace:
#0 D:\projetos\samed\app\webroot\index.php(141): Dispatcher->dispatch(Object(CakeRequest), Object(CakeResponse))
#1 {main}
2025-09-08 02:30:00 Error: [MissingControllerException] Controller class JsController could not be found.
Exception Attributes: array (
  'class' => 'JsController',
  'plugin' => NULL,
)
Request URL: /samed/js/jquery-ui.min.js
Stack Trace:
#0 D:\projetos\samed\app\webroot\index.php(141): Dispatcher->dispatch(Object(CakeRequest), Object(CakeResponse))
#1 {main}
2025-09-08 02:30:06 Error: [MissingControllerException] Controller class JsController could not be found.
Exception Attributes: array (
  'class' => 'JsController',
  'plugin' => NULL,
)
Request URL: /samed/js/jquery.min.js
Stack Trace:
#0 D:\projetos\samed\app\webroot\index.php(141): Dispatcher->dispatch(Object(CakeRequest), Object(CakeResponse))
#1 {main}
2025-09-08 02:42:42 Error: Fatal Error (4): syntax error, unexpected '$this' (T_VARIABLE) in [D:\projetos\samed\app\Controller\HomeController.php, line 104]
2025-09-08 02:42:42 Error: [FatalErrorException] syntax error, unexpected '$this' (T_VARIABLE)
Request URL: /samed/admin/home
Stack Trace:
#0 D:\projetos\samed\lib\Cake\Error\ErrorHandler.php(203): ErrorHandler::handleFatalError(4, 'syntax error, u...', 'D:\projetos\sam...', 104)
#1 [internal function]: ErrorHandler::handleError(4, 'syntax error, u...', 'D:\projetos\sam...', 104, Array)
#2 D:\projetos\samed\lib\Cake\Core\App.php(929): call_user_func('ErrorHandler::h...', 4, 'syntax error, u...', 'D:\projetos\sam...', 104, Array)
#3 D:\projetos\samed\lib\Cake\Core\App.php(902): App::_checkFatalError()
#4 [internal function]: App::shutdown()
#5 {main}
2025-09-08 02:42:42 Error: [MissingControllerException] Controller class CssController could not be found.
Exception Attributes: array (
  'class' => 'CssController',
  'plugin' => NULL,
)
Request URL: /samed/css/bootstrap.min.css
Stack Trace:
#0 D:\projetos\samed\app\webroot\index.php(141): Dispatcher->dispatch(Object(CakeRequest), Object(CakeResponse))
#1 {main}
2025-09-08 02:42:42 Error: [MissingControllerException] Controller class CssController could not be found.
Exception Attributes: array (
  'class' => 'CssController',
  'plugin' => NULL,
)
Request URL: /samed/css/font-awesome.min.css
Stack Trace:
#0 D:\projetos\samed\app\webroot\index.php(141): Dispatcher->dispatch(Object(CakeRequest), Object(CakeResponse))
#1 {main}
2025-09-08 02:42:42 Error: [MissingControllerException] Controller class CssController could not be found.
Exception Attributes: array (
  'class' => 'CssController',
  'plugin' => NULL,
)
Request URL: /samed/css/font-google.css
Stack Trace:
#0 D:\projetos\samed\app\webroot\index.php(141): Dispatcher->dispatch(Object(CakeRequest), Object(CakeResponse))
#1 {main}
2025-09-08 02:42:42 Error: [MissingControllerException] Controller class CssController could not be found.
Exception Attributes: array (
  'class' => 'CssController',
  'plugin' => NULL,
)
Request URL: /samed/css/demo.css
Stack Trace:
#0 D:\projetos\samed\app\webroot\index.php(141): Dispatcher->dispatch(Object(CakeRequest), Object(CakeResponse))
#1 {main}
2025-09-08 02:42:42 Error: [MissingControllerException] Controller class CssController could not be found.
Exception Attributes: array (
  'class' => 'CssController',
  'plugin' => NULL,
)
Request URL: /samed/css/smartadmin-production.css
Stack Trace:
#0 D:\projetos\samed\app\webroot\index.php(141): Dispatcher->dispatch(Object(CakeRequest), Object(CakeResponse))
#1 {main}
2025-09-08 02:42:42 Error: [MissingControllerException] Controller class CssController could not be found.
Exception Attributes: array (
  'class' => 'CssController',
  'plugin' => NULL,
)
Request URL: /samed/css/smartadmin-skins.css
Stack Trace:
#0 D:\projetos\samed\app\webroot\index.php(141): Dispatcher->dispatch(Object(CakeRequest), Object(CakeResponse))
#1 {main}
2025-09-08 02:42:42 Error: [MissingControllerException] Controller class JsController could not be found.
Exception Attributes: array (
  'class' => 'JsController',
  'plugin' => NULL,
)
Request URL: /samed/js/plugin/pace/pace.min.js
Stack Trace:
#0 D:\projetos\samed\app\webroot\index.php(141): Dispatcher->dispatch(Object(CakeRequest), Object(CakeResponse))
#1 {main}
2025-09-08 02:42:42 Error: [MissingControllerException] Controller class JsController could not be found.
Exception Attributes: array (
  'class' => 'JsController',
  'plugin' => NULL,
)
Request URL: /samed/js/jquery.min.js
Stack Trace:
#0 D:\projetos\samed\app\webroot\index.php(141): Dispatcher->dispatch(Object(CakeRequest), Object(CakeResponse))
#1 {main}
2025-09-08 02:42:43 Error: [MissingControllerException] Controller class JsController could not be found.
Exception Attributes: array (
  'class' => 'JsController',
  'plugin' => NULL,
)
Request URL: /samed/js/jquery-ui.min.js
Stack Trace:
#0 D:\projetos\samed\app\webroot\index.php(141): Dispatcher->dispatch(Object(CakeRequest), Object(CakeResponse))
#1 {main}
2025-09-09 00:42:20 Error: [MissingControllerException] Controller class CssController could not be found.
Exception Attributes: array (
  'class' => 'CssController',
  'plugin' => NULL,
)
Request URL: /samed/css/cake.generic.css
Stack Trace:
#0 D:\projetos\samed\app\webroot\index.php(141): Dispatcher->dispatch(Object(CakeRequest), Object(CakeResponse))
#1 {main}
2025-09-09 00:42:20 Error: [MissingControllerException] Controller class ImgController could not be found.
Exception Attributes: array (
  'class' => 'ImgController',
  'plugin' => NULL,
)
Request URL: /samed/img/cake.power.gif
Stack Trace:
#0 D:\projetos\samed\app\webroot\index.php(141): Dispatcher->dispatch(Object(CakeRequest), Object(CakeResponse))
#1 {main}
2025-09-09 00:42:37 Error: [MissingControllerException] Controller class CssController could not be found.
Exception Attributes: array (
  'class' => 'CssController',
  'plugin' => NULL,
)
Request URL: /samed/css/cake.generic.css
Stack Trace:
#0 D:\projetos\samed\app\webroot\index.php(141): Dispatcher->dispatch(Object(CakeRequest), Object(CakeResponse))
#1 {main}
2025-09-09 00:42:37 Error: [MissingControllerException] Controller class ImgController could not be found.
Exception Attributes: array (
  'class' => 'ImgController',
  'plugin' => NULL,
)
Request URL: /samed/img/cake.power.gif
Stack Trace:
#0 D:\projetos\samed\app\webroot\index.php(141): Dispatcher->dispatch(Object(CakeRequest), Object(CakeResponse))
#1 {main}
2025-09-12 09:04:11 Error: [MissingControllerException] Controller class SoundController could not be found.
Exception Attributes: array (
  'class' => 'SoundController',
  'plugin' => NULL,
)
Request URL: /samed/admin/sound/messagebox.mp3
Stack Trace:
#0 D:\projetos\samed\app\webroot\index.php(141): Dispatcher->dispatch(Object(CakeRequest), Object(CakeResponse))
#1 {main}
2025-12-11 12:05:58 Error: [MissingTableException] Table grupo_empresarial for model GrupoEmpresarial was not found in datasource default.
Exception Attributes: array (
  'table' => 'grupo_empresarial',
  'class' => 'GrupoEmpresarial',
  'ds' => 'default',
)
Request URL: /samed/
Stack Trace:
#0 D:\projetos\samed\lib\Cake\Model\Model.php(3499): Model->setSource('grupo_empresari...')
#1 D:\projetos\samed\lib\Cake\Model\Model.php(2903): Model->getDataSource()
#2 D:\projetos\samed\lib\Cake\Model\Model.php(2875): Model->_readDataSource('first', Array)
#3 D:\projetos\samed\app\Controller\AppController.php(675): Model->find('first', Array)
#4 D:\projetos\samed\app\Controller\UsuarioController.php(29): AppController->beforeFilter()
#5 [internal function]: UsuarioController->beforeFilter(Object(CakeEvent))
#6 D:\projetos\samed\lib\Cake\Event\CakeEventManager.php(247): call_user_func(Array, Object(CakeEvent))
#7 D:\projetos\samed\lib\Cake\Controller\Controller.php(672): CakeEventManager->dispatch(Object(CakeEvent))
#8 D:\projetos\samed\lib\Cake\Routing\Dispatcher.php(182): Controller->startupProcess()
#9 D:\projetos\samed\lib\Cake\Routing\Dispatcher.php(160): Dispatcher->_invoke(Object(UsuarioController), Object(CakeRequest), Object(CakeResponse))
#10 D:\projetos\samed\app\webroot\index.php(141): Dispatcher->dispatch(Object(CakeRequest), Object(CakeResponse))
#11 {main}
2025-12-11 12:06:00 Error: [MissingControllerException] Controller class JsController could not be found.
Exception Attributes: array (
  'class' => 'JsController',
  'plugin' => NULL,
)
Request URL: /samed/js/foundation.min.js
Stack Trace:
#0 D:\projetos\samed\app\webroot\index.php(141): Dispatcher->dispatch(Object(CakeRequest), Object(CakeResponse))
#1 {main}
2026-01-02 02:17:25 Error: [MissingTableException] Table grupo_empresarial for model GrupoEmpresarial was not found in datasource default.
Exception Attributes: array (
  'table' => 'grupo_empresarial',
  'class' => 'GrupoEmpresarial',
  'ds' => 'default',
)
Request URL: /samed/
Stack Trace:
#0 D:\projetos\samed\lib\Cake\Model\Model.php(3499): Model->setSource('grupo_empresari...')
#1 D:\projetos\samed\lib\Cake\Model\Model.php(2903): Model->getDataSource()
#2 D:\projetos\samed\lib\Cake\Model\Model.php(2875): Model->_readDataSource('first', Array)
#3 D:\projetos\samed\app\Controller\AppController.php(675): Model->find('first', Array)
#4 D:\projetos\samed\app\Controller\UsuarioController.php(29): AppController->beforeFilter()
#5 [internal function]: UsuarioController->beforeFilter(Object(CakeEvent))
#6 D:\projetos\samed\lib\Cake\Event\CakeEventManager.php(247): call_user_func(Array, Object(CakeEvent))
#7 D:\projetos\samed\lib\Cake\Controller\Controller.php(672): CakeEventManager->dispatch(Object(CakeEvent))
#8 D:\projetos\samed\lib\Cake\Routing\Dispatcher.php(182): Controller->startupProcess()
#9 D:\projetos\samed\lib\Cake\Routing\Dispatcher.php(160): Dispatcher->_invoke(Object(UsuarioController), Object(CakeRequest), Object(CakeResponse))
#10 D:\projetos\samed\app\webroot\index.php(141): Dispatcher->dispatch(Object(CakeRequest), Object(CakeResponse))
#11 {main}
2026-01-02 02:17:26 Error: [MissingControllerException] Controller class JsController could not be found.
Exception Attributes: array (
  'class' => 'JsController',
  'plugin' => NULL,
)
Request URL: /samed/js/foundation.min.js
Stack Trace:
#0 D:\projetos\samed\app\webroot\index.php(141): Dispatcher->dispatch(Object(CakeRequest), Object(CakeResponse))
#1 {main}
2026-01-10 00:29:25 Error: [MissingControllerException] Controller class ImportacaoNewController could not be found.
Exception Attributes: array (
  'class' => 'ImportacaoNewController',
  'plugin' => NULL,
)
Request URL: /samed/admin/importacao_new
Stack Trace:
#0 D:\projetos\samed\app\webroot\index.php(141): Dispatcher->dispatch(Object(CakeRequest), Object(CakeResponse))
#1 {main}
2026-01-10 00:35:32 Error: [MissingControllerException] Controller class SoundController could not be found.
Exception Attributes: array (
  'class' => 'SoundController',
  'plugin' => NULL,
)
Request URL: /samed/admin/sound/messagebox.mp3
Stack Trace:
#0 D:\projetos\samed\app\webroot\index.php(141): Dispatcher->dispatch(Object(CakeRequest), Object(CakeResponse))
#1 {main}
2026-01-10 02:06:01 Error: [MissingTableException] Table importacao_novas for model ImportacaoNova was not found in datasource default.
Exception Attributes: array (
  'table' => 'importacao_novas',
  'class' => 'ImportacaoNova',
  'ds' => 'default',
)
Request URL: /samed/admin/importacao_nova
Stack Trace:
#0 D:\projetos\samed\lib\Cake\Model\Model.php(3499): Model->setSource('importacao_nova...')
#1 D:\projetos\samed\lib\Cake\Model\Model.php(1355): Model->getDataSource()
#2 D:\projetos\samed\lib\Cake\Model\Model.php(1447): Model->schema()
#3 D:\projetos\samed\lib\Cake\Controller\Component\PaginatorComponent.php(397): Model->hasField('id')
#4 D:\projetos\samed\lib\Cake\Controller\Component\PaginatorComponent.php(142): PaginatorComponent->validateSort(Object(AppModel), Array, Array)
#5 D:\projetos\samed\app\Controller\ImportacaoNovaController.php(159): PaginatorComponent->paginate()
#6 [internal function]: ImportacaoNovaController->admin_index()
#7 D:\projetos\samed\lib\Cake\Controller\Controller.php(490): ReflectionMethod->invokeArgs(Object(ImportacaoNovaController), Array)
#8 D:\projetos\samed\lib\Cake\Routing\Dispatcher.php(185): Controller->invokeAction(Object(CakeRequest))
#9 D:\projetos\samed\lib\Cake\Routing\Dispatcher.php(160): Dispatcher->_invoke(Object(ImportacaoNovaController), Object(CakeRequest), Object(CakeResponse))
#10 D:\projetos\samed\app\webroot\index.php(141): Dispatcher->dispatch(Object(CakeRequest), Object(CakeResponse))
#11 {main}
2026-01-10 02:06:02 Error: [MissingControllerException] Controller class CssController could not be found.
Exception Attributes: array (
  'class' => 'CssController',
  'plugin' => NULL,
)
Request URL: /samed/css/bootstrap.min.css
Stack Trace:
#0 D:\projetos\samed\app\webroot\index.php(141): Dispatcher->dispatch(Object(CakeRequest), Object(CakeResponse))
#1 {main}
2026-01-10 02:06:02 Error: [MissingControllerException] Controller class CssController could not be found.
Exception Attributes: array (
  'class' => 'CssController',
  'plugin' => NULL,
)
Request URL: /samed/css/smartadmin-production.css
Stack Trace:
#0 D:\projetos\samed\app\webroot\index.php(141): Dispatcher->dispatch(Object(CakeRequest), Object(CakeResponse))
#1 {main}
2026-01-10 02:06:02 Error: [MissingControllerException] Controller class CssController could not be found.
Exception Attributes: array (
  'class' => 'CssController',
  'plugin' => NULL,
)
Request URL: /samed/css/smartadmin-skins.css
Stack Trace:
#0 D:\projetos\samed\app\webroot\index.php(141): Dispatcher->dispatch(Object(CakeRequest), Object(CakeResponse))
#1 {main}
2026-01-10 02:06:02 Error: [MissingControllerException] Controller class CssController could not be found.
Exception Attributes: array (
  'class' => 'CssController',
  'plugin' => NULL,
)
Request URL: /samed/css/font-awesome.min.css
Stack Trace:
#0 D:\projetos\samed\app\webroot\index.php(141): Dispatcher->dispatch(Object(CakeRequest), Object(CakeResponse))
#1 {main}
2026-01-10 02:06:02 Error: [MissingControllerException] Controller class CssController could not be found.
Exception Attributes: array (
  'class' => 'CssController',
  'plugin' => NULL,
)
Request URL: /samed/css/font-google.css
Stack Trace:
#0 D:\projetos\samed\app\webroot\index.php(141): Dispatcher->dispatch(Object(CakeRequest), Object(CakeResponse))
#1 {main}
2026-01-10 02:06:02 Error: [MissingControllerException] Controller class CssController could not be found.
Exception Attributes: array (
  'class' => 'CssController',
  'plugin' => NULL,
)
Request URL: /samed/css/demo.css
Stack Trace:
#0 D:\projetos\samed\app\webroot\index.php(141): Dispatcher->dispatch(Object(CakeRequest), Object(CakeResponse))
#1 {main}
2026-01-10 02:06:02 Error: [MissingControllerException] Controller class JsController could not be found.
Exception Attributes: array (
  'class' => 'JsController',
  'plugin' => NULL,
)
Request URL: /samed/js/plugin/pace/pace.min.js
Stack Trace:
#0 D:\projetos\samed\app\webroot\index.php(141): Dispatcher->dispatch(Object(CakeRequest), Object(CakeResponse))
#1 {main}
2026-01-10 02:06:02 Error: [MissingControllerException] Controller class JsController could not be found.
Exception Attributes: array (
  'class' => 'JsController',
  'plugin' => NULL,
)
Request URL: /samed/js/jquery.min.js
Stack Trace:
#0 D:\projetos\samed\app\webroot\index.php(141): Dispatcher->dispatch(Object(CakeRequest), Object(CakeResponse))
#1 {main}
2026-01-10 02:06:02 Error: [MissingControllerException] Controller class JsController could not be found.
Exception Attributes: array (
  'class' => 'JsController',
  'plugin' => NULL,
)
Request URL: /samed/js/jquery-ui.min.js
Stack Trace:
#0 D:\projetos\samed\app\webroot\index.php(141): Dispatcher->dispatch(Object(CakeRequest), Object(CakeResponse))
#1 {main}
2026-01-10 13:01:05 Error: [MissingTableException] Table importacao_novas for model ImportacaoNova was not found in datasource default.
Exception Attributes: array (
  'table' => 'importacao_novas',
  'class' => 'ImportacaoNova',
  'ds' => 'default',
)
Request URL: /samed/admin/importacao_nova
Stack Trace:
#0 D:\projetos\samed\lib\Cake\Model\Model.php(3499): Model->setSource('importacao_nova...')
#1 D:\projetos\samed\lib\Cake\Model\Model.php(1355): Model->getDataSource()
#2 D:\projetos\samed\lib\Cake\Model\Model.php(1447): Model->schema()
#3 D:\projetos\samed\lib\Cake\Controller\Component\PaginatorComponent.php(397): Model->hasField('id')
#4 D:\projetos\samed\lib\Cake\Controller\Component\PaginatorComponent.php(142): PaginatorComponent->validateSort(Object(AppModel), Array, Array)
#5 D:\projetos\samed\app\Controller\ImportacaoNovaController.php(162): PaginatorComponent->paginate()
#6 [internal function]: ImportacaoNovaController->admin_index()
#7 D:\projetos\samed\lib\Cake\Controller\Controller.php(490): ReflectionMethod->invokeArgs(Object(ImportacaoNovaController), Array)
#8 D:\projetos\samed\lib\Cake\Routing\Dispatcher.php(185): Controller->invokeAction(Object(CakeRequest))
#9 D:\projetos\samed\lib\Cake\Routing\Dispatcher.php(160): Dispatcher->_invoke(Object(ImportacaoNovaController), Object(CakeRequest), Object(CakeResponse))
#10 D:\projetos\samed\app\webroot\index.php(141): Dispatcher->dispatch(Object(CakeRequest), Object(CakeResponse))
#11 {main}
2026-01-10 13:01:05 Error: [MissingControllerException] Controller class CssController could not be found.
Exception Attributes: array (
  'class' => 'CssController',
  'plugin' => NULL,
)
Request URL: /samed/css/bootstrap.min.css
Stack Trace:
#0 D:\projetos\samed\app\webroot\index.php(141): Dispatcher->dispatch(Object(CakeRequest), Object(CakeResponse))
#1 {main}
2026-01-10 13:01:05 Error: [MissingControllerException] Controller class CssController could not be found.
Exception Attributes: array (
  'class' => 'CssController',
  'plugin' => NULL,
)
Request URL: /samed/css/smartadmin-skins.css
Stack Trace:
#0 D:\projetos\samed\app\webroot\index.php(141): Dispatcher->dispatch(Object(CakeRequest), Object(CakeResponse))
#1 {main}
2026-01-10 13:01:05 Error: [MissingControllerException] Controller class CssController could not be found.
Exception Attributes: array (
  'class' => 'CssController',
  'plugin' => NULL,
)
Request URL: /samed/css/demo.css
Stack Trace:
#0 D:\projetos\samed\app\webroot\index.php(141): Dispatcher->dispatch(Object(CakeRequest), Object(CakeResponse))
#1 {main}
2026-01-10 13:01:05 Error: [MissingControllerException] Controller class CssController could not be found.
Exception Attributes: array (
  'class' => 'CssController',
  'plugin' => NULL,
)
Request URL: /samed/css/smartadmin-production.css
Stack Trace:
#0 D:\projetos\samed\app\webroot\index.php(141): Dispatcher->dispatch(Object(CakeRequest), Object(CakeResponse))
#1 {main}
2026-01-10 13:01:05 Error: [MissingControllerException] Controller class CssController could not be found.
Exception Attributes: array (
  'class' => 'CssController',
  'plugin' => NULL,
)
Request URL: /samed/css/font-google.css
Stack Trace:
#0 D:\projetos\samed\app\webroot\index.php(141): Dispatcher->dispatch(Object(CakeRequest), Object(CakeResponse))
#1 {main}
2026-01-10 13:01:05 Error: [MissingControllerException] Controller class CssController could not be found.
Exception Attributes: array (
  'class' => 'CssController',
  'plugin' => NULL,
)
Request URL: /samed/css/font-awesome.min.css
Stack Trace:
#0 D:\projetos\samed\app\webroot\index.php(141): Dispatcher->dispatch(Object(CakeRequest), Object(CakeResponse))
#1 {main}
2026-01-10 13:01:05 Error: [MissingControllerException] Controller class JsController could not be found.
Exception Attributes: array (
  'class' => 'JsController',
  'plugin' => NULL,
)
Request URL: /samed/js/plugin/pace/pace.min.js
Stack Trace:
#0 D:\projetos\samed\app\webroot\index.php(141): Dispatcher->dispatch(Object(CakeRequest), Object(CakeResponse))
#1 {main}
2026-01-10 13:01:05 Error: [MissingControllerException] Controller class JsController could not be found.
Exception Attributes: array (
  'class' => 'JsController',
  'plugin' => NULL,
)
Request URL: /samed/js/jquery.min.js
Stack Trace:
#0 D:\projetos\samed\app\webroot\index.php(141): Dispatcher->dispatch(Object(CakeRequest), Object(CakeResponse))
#1 {main}
2026-01-10 13:01:05 Error: [MissingControllerException] Controller class JsController could not be found.
Exception Attributes: array (
  'class' => 'JsController',
  'plugin' => NULL,
)
Request URL: /samed/js/jquery-ui.min.js
Stack Trace:
#0 D:\projetos\samed\app\webroot\index.php(141): Dispatcher->dispatch(Object(CakeRequest), Object(CakeResponse))
#1 {main}
2026-01-10 17:59:16 Error: Fatal Error (4): syntax error, unexpected ';' in [D:\projetos\samed\app\View\Helper\FuncoesHelper.php, line 264]
2026-01-10 17:59:16 Error: [FatalErrorException] syntax error, unexpected ';'
Request URL: /samed/admin/importacao_nova
Stack Trace:
#0 D:\projetos\samed\lib\Cake\Error\ErrorHandler.php(203): ErrorHandler::handleFatalError(4, 'syntax error, u...', 'D:\projetos\sam...', 264)
#1 [internal function]: ErrorHandler::handleError(4, 'syntax error, u...', 'D:\projetos\sam...', 264, Array)
#2 D:\projetos\samed\lib\Cake\Core\App.php(929): call_user_func('ErrorHandler::h...', 4, 'syntax error, u...', 'D:\projetos\sam...', 264, Array)
#3 D:\projetos\samed\lib\Cake\Core\App.php(902): App::_checkFatalError()
#4 [internal function]: App::shutdown()
#5 {main}
2026-01-10 17:59:16 Error: [MissingControllerException] Controller class CssController could not be found.
Exception Attributes: array (
  'class' => 'CssController',
  'plugin' => NULL,
)
Request URL: /samed/css/bootstrap.min.css
Stack Trace:
#0 D:\projetos\samed\app\webroot\index.php(141): Dispatcher->dispatch(Object(CakeRequest), Object(CakeResponse))
#1 {main}
2026-01-10 17:59:16 Error: [MissingControllerException] Controller class CssController could not be found.
Exception Attributes: array (
  'class' => 'CssController',
  'plugin' => NULL,
)
Request URL: /samed/css/font-awesome.min.css
Stack Trace:
#0 D:\projetos\samed\app\webroot\index.php(141): Dispatcher->dispatch(Object(CakeRequest), Object(CakeResponse))
#1 {main}
2026-01-10 17:59:16 Error: [MissingControllerException] Controller class CssController could not be found.
Exception Attributes: array (
  'class' => 'CssController',
  'plugin' => NULL,
)
Request URL: /samed/css/smartadmin-skins.css
Stack Trace:
#0 D:\projetos\samed\app\webroot\index.php(141): Dispatcher->dispatch(Object(CakeRequest), Object(CakeResponse))
#1 {main}
2026-01-10 17:59:16 Error: [MissingControllerException] Controller class CssController could not be found.
Exception Attributes: array (
  'class' => 'CssController',
  'plugin' => NULL,
)
Request URL: /samed/css/demo.css
Stack Trace:
#0 D:\projetos\samed\app\webroot\index.php(141): Dispatcher->dispatch(Object(CakeRequest), Object(CakeResponse))
#1 {main}
2026-01-10 17:59:16 Error: [MissingControllerException] Controller class CssController could not be found.
Exception Attributes: array (
  'class' => 'CssController',
  'plugin' => NULL,
)
Request URL: /samed/css/smartadmin-production.css
Stack Trace:
#0 D:\projetos\samed\app\webroot\index.php(141): Dispatcher->dispatch(Object(CakeRequest), Object(CakeResponse))
#1 {main}
2026-01-10 17:59:16 Error: [MissingControllerException] Controller class CssController could not be found.
Exception Attributes: array (
  'class' => 'CssController',
  'plugin' => NULL,
)
Request URL: /samed/css/font-google.css
Stack Trace:
#0 D:\projetos\samed\app\webroot\index.php(141): Dispatcher->dispatch(Object(CakeRequest), Object(CakeResponse))
#1 {main}
2026-01-10 17:59:16 Error: [MissingControllerException] Controller class JsController could not be found.
Exception Attributes: array (
  'class' => 'JsController',
  'plugin' => NULL,
)
Request URL: /samed/js/plugin/pace/pace.min.js
Stack Trace:
#0 D:\projetos\samed\app\webroot\index.php(141): Dispatcher->dispatch(Object(CakeRequest), Object(CakeResponse))
#1 {main}
2026-01-10 17:59:16 Error: [MissingControllerException] Controller class JsController could not be found.
Exception Attributes: array (
  'class' => 'JsController',
  'plugin' => NULL,
)
Request URL: /samed/js/jquery.min.js
Stack Trace:
#0 D:\projetos\samed\app\webroot\index.php(141): Dispatcher->dispatch(Object(CakeRequest), Object(CakeResponse))
#1 {main}
2026-01-10 17:59:16 Error: [MissingControllerException] Controller class JsController could not be found.
Exception Attributes: array (
  'class' => 'JsController',
  'plugin' => NULL,
)
Request URL: /samed/js/jquery-ui.min.js
Stack Trace:
#0 D:\projetos\samed\app\webroot\index.php(141): Dispatcher->dispatch(Object(CakeRequest), Object(CakeResponse))
#1 {main}
2026-01-10 18:11:14 Error: Fatal Error (1): Call to a member function find() on a non-object in [D:\projetos\samed\app\Controller\ImportacaoNovaController.php, line 3042]
2026-01-10 18:11:14 Error: [FatalErrorException] Call to a member function find() on a non-object
Request URL: /samed/importacao_nova/send_file/1
Stack Trace:
#0 D:\projetos\samed\lib\Cake\Error\ErrorHandler.php(203): ErrorHandler::handleFatalError(1, 'Call to a membe...', 'D:\projetos\sam...', 3042)
#1 [internal function]: ErrorHandler::handleError(1, 'Call to a membe...', 'D:\projetos\sam...', 3042, Array)
#2 D:\projetos\samed\lib\Cake\Core\App.php(929): call_user_func('ErrorHandler::h...', 1, 'Call to a membe...', 'D:\projetos\sam...', 3042, Array)
#3 D:\projetos\samed\lib\Cake\Core\App.php(902): App::_checkFatalError()
#4 [internal function]: App::shutdown()
#5 {main}
2026-01-10 18:11:14 Error: [MissingControllerException] Controller class CssController could not be found.
Exception Attributes: array (
  'class' => 'CssController',
  'plugin' => NULL,
)
Request URL: /samed/css/bootstrap.min.css
Stack Trace:
#0 D:\projetos\samed\app\webroot\index.php(141): Dispatcher->dispatch(Object(CakeRequest), Object(CakeResponse))
#1 {main}
2026-01-10 18:11:14 Error: [MissingControllerException] Controller class CssController could not be found.
Exception Attributes: array (
  'class' => 'CssController',
  'plugin' => NULL,
)
Request URL: /samed/css/font-google.css
Stack Trace:
#0 D:\projetos\samed\app\webroot\index.php(141): Dispatcher->dispatch(Object(CakeRequest), Object(CakeResponse))
#1 {main}
2026-01-10 18:11:14 Error: [MissingControllerException] Controller class CssController could not be found.
Exception Attributes: array (
  'class' => 'CssController',
  'plugin' => NULL,
)
Request URL: /samed/css/smartadmin-production.css
Stack Trace:
#0 D:\projetos\samed\app\webroot\index.php(141): Dispatcher->dispatch(Object(CakeRequest), Object(CakeResponse))
#1 {main}
2026-01-10 18:11:14 Error: [MissingControllerException] Controller class CssController could not be found.
Exception Attributes: array (
  'class' => 'CssController',
  'plugin' => NULL,
)
Request URL: /samed/css/smartadmin-skins.css
Stack Trace:
#0 D:\projetos\samed\app\webroot\index.php(141): Dispatcher->dispatch(Object(CakeRequest), Object(CakeResponse))
#1 {main}
2026-01-10 18:11:14 Error: [MissingControllerException] Controller class CssController could not be found.
Exception Attributes: array (
  'class' => 'CssController',
  'plugin' => NULL,
)
Request URL: /samed/css/demo.css
Stack Trace:
#0 D:\projetos\samed\app\webroot\index.php(141): Dispatcher->dispatch(Object(CakeRequest), Object(CakeResponse))
#1 {main}
2026-01-10 18:11:14 Error: [MissingControllerException] Controller class CssController could not be found.
Exception Attributes: array (
  'class' => 'CssController',
  'plugin' => NULL,
)
Request URL: /samed/css/font-awesome.min.css
Stack Trace:
#0 D:\projetos\samed\app\webroot\index.php(141): Dispatcher->dispatch(Object(CakeRequest), Object(CakeResponse))
#1 {main}
2026-01-10 18:11:14 Error: [MissingControllerException] Controller class JsController could not be found.
Exception Attributes: array (
  'class' => 'JsController',
  'plugin' => NULL,
)
Request URL: /samed/js/plugin/pace/pace.min.js
Stack Trace:
#0 D:\projetos\samed\app\webroot\index.php(141): Dispatcher->dispatch(Object(CakeRequest), Object(CakeResponse))
#1 {main}
2026-01-10 18:11:14 Error: [MissingControllerException] Controller class JsController could not be found.
Exception Attributes: array (
  'class' => 'JsController',
  'plugin' => NULL,
)
Request URL: /samed/js/jquery.min.js
Stack Trace:
#0 D:\projetos\samed\app\webroot\index.php(141): Dispatcher->dispatch(Object(CakeRequest), Object(CakeResponse))
#1 {main}
2026-01-10 18:11:14 Error: [MissingControllerException] Controller class JsController could not be found.
Exception Attributes: array (
  'class' => 'JsController',
  'plugin' => NULL,
)
Request URL: /samed/js/jquery-ui.min.js
Stack Trace:
#0 D:\projetos\samed\app\webroot\index.php(141): Dispatcher->dispatch(Object(CakeRequest), Object(CakeResponse))
#1 {main}
2026-01-10 18:12:10 Error: Fatal Error (1): Call to a member function find() on a non-object in [D:\projetos\samed\app\Controller\ImportacaoNovaController.php, line 3042]
2026-01-10 18:12:10 Error: [FatalErrorException] Call to a member function find() on a non-object
Request URL: /samed/importacao_nova/send_file/1
Stack Trace:
#0 D:\projetos\samed\lib\Cake\Error\ErrorHandler.php(203): ErrorHandler::handleFatalError(1, 'Call to a membe...', 'D:\projetos\sam...', 3042)
#1 [internal function]: ErrorHandler::handleError(1, 'Call to a membe...', 'D:\projetos\sam...', 3042, Array)
#2 D:\projetos\samed\lib\Cake\Core\App.php(929): call_user_func('ErrorHandler::h...', 1, 'Call to a membe...', 'D:\projetos\sam...', 3042, Array)
#3 D:\projetos\samed\lib\Cake\Core\App.php(902): App::_checkFatalError()
#4 [internal function]: App::shutdown()
#5 {main}
2026-01-10 18:12:10 Error: [MissingControllerException] Controller class CssController could not be found.
Exception Attributes: array (
  'class' => 'CssController',
  'plugin' => NULL,
)
Request URL: /samed/css/font-awesome.min.css
Stack Trace:
#0 D:\projetos\samed\app\webroot\index.php(141): Dispatcher->dispatch(Object(CakeRequest), Object(CakeResponse))
#1 {main}
2026-01-10 18:12:10 Error: [MissingControllerException] Controller class CssController could not be found.
Exception Attributes: array (
  'class' => 'CssController',
  'plugin' => NULL,
)
Request URL: /samed/css/smartadmin-skins.css
Stack Trace:
#0 D:\projetos\samed\app\webroot\index.php(141): Dispatcher->dispatch(Object(CakeRequest), Object(CakeResponse))
#1 {main}
2026-01-10 18:12:10 Error: [MissingControllerException] Controller class CssController could not be found.
Exception Attributes: array (
  'class' => 'CssController',
  'plugin' => NULL,
)
Request URL: /samed/css/bootstrap.min.css
Stack Trace:
#0 D:\projetos\samed\app\webroot\index.php(141): Dispatcher->dispatch(Object(CakeRequest), Object(CakeResponse))
#1 {main}
2026-01-10 18:12:10 Error: [MissingControllerException] Controller class CssController could not be found.
Exception Attributes: array (
  'class' => 'CssController',
  'plugin' => NULL,
)
Request URL: /samed/css/smartadmin-production.css
Stack Trace:
#0 D:\projetos\samed\app\webroot\index.php(141): Dispatcher->dispatch(Object(CakeRequest), Object(CakeResponse))
#1 {main}
2026-01-10 18:12:10 Error: [MissingControllerException] Controller class CssController could not be found.
Exception Attributes: array (
  'class' => 'CssController',
  'plugin' => NULL,
)
Request URL: /samed/css/demo.css
Stack Trace:
#0 D:\projetos\samed\app\webroot\index.php(141): Dispatcher->dispatch(Object(CakeRequest), Object(CakeResponse))
#1 {main}
2026-01-10 18:12:10 Error: [MissingControllerException] Controller class CssController could not be found.
Exception Attributes: array (
  'class' => 'CssController',
  'plugin' => NULL,
)
Request URL: /samed/css/font-google.css
Stack Trace:
#0 D:\projetos\samed\app\webroot\index.php(141): Dispatcher->dispatch(Object(CakeRequest), Object(CakeResponse))
#1 {main}
2026-01-10 18:12:10 Error: [MissingControllerException] Controller class JsController could not be found.
Exception Attributes: array (
  'class' => 'JsController',
  'plugin' => NULL,
)
Request URL: /samed/js/plugin/pace/pace.min.js
Stack Trace:
#0 D:\projetos\samed\app\webroot\index.php(141): Dispatcher->dispatch(Object(CakeRequest), Object(CakeResponse))
#1 {main}
2026-01-10 18:12:10 Error: [MissingControllerException] Controller class JsController could not be found.
Exception Attributes: array (
  'class' => 'JsController',
  'plugin' => NULL,
)
Request URL: /samed/js/jquery.min.js
Stack Trace:
#0 D:\projetos\samed\app\webroot\index.php(141): Dispatcher->dispatch(Object(CakeRequest), Object(CakeResponse))
#1 {main}
2026-01-10 18:12:10 Error: [MissingControllerException] Controller class JsController could not be found.
Exception Attributes: array (
  'class' => 'JsController',
  'plugin' => NULL,
)
Request URL: /samed/js/jquery-ui.min.js
Stack Trace:
#0 D:\projetos\samed\app\webroot\index.php(141): Dispatcher->dispatch(Object(CakeRequest), Object(CakeResponse))
#1 {main}
2026-01-10 18:12:13 Error: Fatal Error (1): Call to a member function find() on a non-object in [D:\projetos\samed\app\Controller\ImportacaoNovaController.php, line 3042]
2026-01-10 18:12:13 Error: [FatalErrorException] Call to a member function find() on a non-object
Request URL: /samed/importacao_nova/send_file/1
Stack Trace:
#0 D:\projetos\samed\lib\Cake\Error\ErrorHandler.php(203): ErrorHandler::handleFatalError(1, 'Call to a membe...', 'D:\projetos\sam...', 3042)
#1 [internal function]: ErrorHandler::handleError(1, 'Call to a membe...', 'D:\projetos\sam...', 3042, Array)
#2 D:\projetos\samed\lib\Cake\Core\App.php(929): call_user_func('ErrorHandler::h...', 1, 'Call to a membe...', 'D:\projetos\sam...', 3042, Array)
#3 D:\projetos\samed\lib\Cake\Core\App.php(902): App::_checkFatalError()
#4 [internal function]: App::shutdown()
#5 {main}
2026-01-10 18:12:13 Error: [MissingControllerException] Controller class CssController could not be found.
Exception Attributes: array (
  'class' => 'CssController',
  'plugin' => NULL,
)
Request URL: /samed/css/bootstrap.min.css
Stack Trace:
#0 D:\projetos\samed\app\webroot\index.php(141): Dispatcher->dispatch(Object(CakeRequest), Object(CakeResponse))
#1 {main}
2026-01-10 18:12:13 Error: [MissingControllerException] Controller class CssController could not be found.
Exception Attributes: array (
  'class' => 'CssController',
  'plugin' => NULL,
)
Request URL: /samed/css/font-awesome.min.css
Stack Trace:
#0 D:\projetos\samed\app\webroot\index.php(141): Dispatcher->dispatch(Object(CakeRequest), Object(CakeResponse))
#1 {main}
2026-01-10 18:12:13 Error: [MissingControllerException] Controller class CssController could not be found.
Exception Attributes: array (
  'class' => 'CssController',
  'plugin' => NULL,
)
Request URL: /samed/css/demo.css
Stack Trace:
#0 D:\projetos\samed\app\webroot\index.php(141): Dispatcher->dispatch(Object(CakeRequest), Object(CakeResponse))
#1 {main}
2026-01-10 18:12:13 Error: [MissingControllerException] Controller class CssController could not be found.
Exception Attributes: array (
  'class' => 'CssController',
  'plugin' => NULL,
)
Request URL: /samed/css/smartadmin-skins.css
Stack Trace:
#0 D:\projetos\samed\app\webroot\index.php(141): Dispatcher->dispatch(Object(CakeRequest), Object(CakeResponse))
#1 {main}
2026-01-10 18:12:13 Error: [MissingControllerException] Controller class CssController could not be found.
Exception Attributes: array (
  'class' => 'CssController',
  'plugin' => NULL,
)
Request URL: /samed/css/smartadmin-production.css
Stack Trace:
#0 D:\projetos\samed\app\webroot\index.php(141): Dispatcher->dispatch(Object(CakeRequest), Object(CakeResponse))
#1 {main}
2026-01-10 18:12:13 Error: [MissingControllerException] Controller class CssController could not be found.
Exception Attributes: array (
  'class' => 'CssController',
  'plugin' => NULL,
)
Request URL: /samed/css/font-google.css
Stack Trace:
#0 D:\projetos\samed\app\webroot\index.php(141): Dispatcher->dispatch(Object(CakeRequest), Object(CakeResponse))
#1 {main}
2026-01-10 18:12:13 Error: [MissingControllerException] Controller class JsController could not be found.
Exception Attributes: array (
  'class' => 'JsController',
  'plugin' => NULL,
)
Request URL: /samed/js/plugin/pace/pace.min.js
Stack Trace:
#0 D:\projetos\samed\app\webroot\index.php(141): Dispatcher->dispatch(Object(CakeRequest), Object(CakeResponse))
#1 {main}
2026-01-10 18:12:13 Error: [MissingControllerException] Controller class JsController could not be found.
Exception Attributes: array (
  'class' => 'JsController',
  'plugin' => NULL,
)
Request URL: /samed/js/jquery.min.js
Stack Trace:
#0 D:\projetos\samed\app\webroot\index.php(141): Dispatcher->dispatch(Object(CakeRequest), Object(CakeResponse))
#1 {main}
2026-01-10 18:12:13 Error: [MissingControllerException] Controller class JsController could not be found.
Exception Attributes: array (
  'class' => 'JsController',
  'plugin' => NULL,
)
Request URL: /samed/js/jquery-ui.min.js
Stack Trace:
#0 D:\projetos\samed\app\webroot\index.php(141): Dispatcher->dispatch(Object(CakeRequest), Object(CakeResponse))
#1 {main}
2026-01-10 18:12:24 Error: Fatal Error (1): Call to a member function find() on a non-object in [D:\projetos\samed\app\Controller\ImportacaoNovaController.php, line 3042]
2026-01-10 18:12:24 Error: [FatalErrorException] Call to a member function find() on a non-object
Request URL: /samed/importacao_nova/send_file/1
Stack Trace:
#0 D:\projetos\samed\lib\Cake\Error\ErrorHandler.php(203): ErrorHandler::handleFatalError(1, 'Call to a membe...', 'D:\projetos\sam...', 3042)
#1 [internal function]: ErrorHandler::handleError(1, 'Call to a membe...', 'D:\projetos\sam...', 3042, Array)
#2 D:\projetos\samed\lib\Cake\Core\App.php(929): call_user_func('ErrorHandler::h...', 1, 'Call to a membe...', 'D:\projetos\sam...', 3042, Array)
#3 D:\projetos\samed\lib\Cake\Core\App.php(902): App::_checkFatalError()
#4 [internal function]: App::shutdown()
#5 {main}
2026-01-10 18:12:24 Error: [MissingControllerException] Controller class CssController could not be found.
Exception Attributes: array (
  'class' => 'CssController',
  'plugin' => NULL,
)
Request URL: /samed/css/font-awesome.min.css
Stack Trace:
#0 D:\projetos\samed\app\webroot\index.php(141): Dispatcher->dispatch(Object(CakeRequest), Object(CakeResponse))
#1 {main}
2026-01-10 18:12:24 Error: [MissingControllerException] Controller class CssController could not be found.
Exception Attributes: array (
  'class' => 'CssController',
  'plugin' => NULL,
)
Request URL: /samed/css/bootstrap.min.css
Stack Trace:
#0 D:\projetos\samed\app\webroot\index.php(141): Dispatcher->dispatch(Object(CakeRequest), Object(CakeResponse))
#1 {main}
2026-01-10 18:12:24 Error: [MissingControllerException] Controller class CssController could not be found.
Exception Attributes: array (
  'class' => 'CssController',
  'plugin' => NULL,
)
Request URL: /samed/css/smartadmin-production.css
Stack Trace:
#0 D:\projetos\samed\app\webroot\index.php(141): Dispatcher->dispatch(Object(CakeRequest), Object(CakeResponse))
#1 {main}
2026-01-10 18:12:24 Error: [MissingControllerException] Controller class CssController could not be found.
Exception Attributes: array (
  'class' => 'CssController',
  'plugin' => NULL,
)
Request URL: /samed/css/font-google.css
Stack Trace:
#0 D:\projetos\samed\app\webroot\index.php(141): Dispatcher->dispatch(Object(CakeRequest), Object(CakeResponse))
#1 {main}
2026-01-10 18:12:24 Error: [MissingControllerException] Controller class CssController could not be found.
Exception Attributes: array (
  'class' => 'CssController',
  'plugin' => NULL,
)
Request URL: /samed/css/smartadmin-skins.css
Stack Trace:
#0 D:\projetos\samed\app\webroot\index.php(141): Dispatcher->dispatch(Object(CakeRequest), Object(CakeResponse))
#1 {main}
2026-01-10 18:12:24 Error: [MissingControllerException] Controller class CssController could not be found.
Exception Attributes: array (
  'class' => 'CssController',
  'plugin' => NULL,
)
Request URL: /samed/css/demo.css
Stack Trace:
#0 D:\projetos\samed\app\webroot\index.php(141): Dispatcher->dispatch(Object(CakeRequest), Object(CakeResponse))
#1 {main}
2026-01-10 18:12:24 Error: [MissingControllerException] Controller class JsController could not be found.
Exception Attributes: array (
  'class' => 'JsController',
  'plugin' => NULL,
)
Request URL: /samed/js/plugin/pace/pace.min.js
Stack Trace:
#0 D:\projetos\samed\app\webroot\index.php(141): Dispatcher->dispatch(Object(CakeRequest), Object(CakeResponse))
#1 {main}
2026-01-10 18:12:24 Error: [MissingControllerException] Controller class JsController could not be found.
Exception Attributes: array (
  'class' => 'JsController',
  'plugin' => NULL,
)
Request URL: /samed/js/jquery.min.js
Stack Trace:
#0 D:\projetos\samed\app\webroot\index.php(141): Dispatcher->dispatch(Object(CakeRequest), Object(CakeResponse))
#1 {main}
2026-01-10 18:12:25 Error: [MissingControllerException] Controller class JsController could not be found.
Exception Attributes: array (
  'class' => 'JsController',
  'plugin' => NULL,
)
Request URL: /samed/js/jquery-ui.min.js
Stack Trace:
#0 D:\projetos\samed\app\webroot\index.php(141): Dispatcher->dispatch(Object(CakeRequest), Object(CakeResponse))
#1 {main}
2026-01-10 18:25:18 Error: Fatal Error (4): syntax error, unexpected '}' in [D:\projetos\samed\app\View\Helper\FuncoesHelper.php, line 295]
2026-01-10 18:25:18 Error: [FatalErrorException] syntax error, unexpected '}'
Request URL: /samed/admin/importacao_nova
Stack Trace:
#0 D:\projetos\samed\lib\Cake\Error\ErrorHandler.php(203): ErrorHandler::handleFatalError(4, 'syntax error, u...', 'D:\projetos\sam...', 295)
#1 [internal function]: ErrorHandler::handleError(4, 'syntax error, u...', 'D:\projetos\sam...', 295, Array)
#2 D:\projetos\samed\lib\Cake\Core\App.php(929): call_user_func('ErrorHandler::h...', 4, 'syntax error, u...', 'D:\projetos\sam...', 295, Array)
#3 D:\projetos\samed\lib\Cake\Core\App.php(902): App::_checkFatalError()
#4 [internal function]: App::shutdown()
#5 {main}
2026-01-10 18:25:18 Error: [MissingControllerException] Controller class CssController could not be found.
Exception Attributes: array (
  'class' => 'CssController',
  'plugin' => NULL,
)
Request URL: /samed/css/bootstrap.min.css
Stack Trace:
#0 D:\projetos\samed\app\webroot\index.php(141): Dispatcher->dispatch(Object(CakeRequest), Object(CakeResponse))
#1 {main}
2026-01-10 18:25:18 Error: [MissingControllerException] Controller class CssController could not be found.
Exception Attributes: array (
  'class' => 'CssController',
  'plugin' => NULL,
)
Request URL: /samed/css/smartadmin-production.css
Stack Trace:
#0 D:\projetos\samed\app\webroot\index.php(141): Dispatcher->dispatch(Object(CakeRequest), Object(CakeResponse))
#1 {main}
2026-01-10 18:25:18 Error: [MissingControllerException] Controller class CssController could not be found.
Exception Attributes: array (
  'class' => 'CssController',
  'plugin' => NULL,
)
Request URL: /samed/css/demo.css
Stack Trace:
#0 D:\projetos\samed\app\webroot\index.php(141): Dispatcher->dispatch(Object(CakeRequest), Object(CakeResponse))
#1 {main}
2026-01-10 18:25:18 Error: [MissingControllerException] Controller class CssController could not be found.
Exception Attributes: array (
  'class' => 'CssController',
  'plugin' => NULL,
)
Request URL: /samed/css/font-awesome.min.css
Stack Trace:
#0 D:\projetos\samed\app\webroot\index.php(141): Dispatcher->dispatch(Object(CakeRequest), Object(CakeResponse))
#1 {main}
2026-01-10 18:25:18 Error: [MissingControllerException] Controller class CssController could not be found.
Exception Attributes: array (
  'class' => 'CssController',
  'plugin' => NULL,
)
Request URL: /samed/css/font-google.css
Stack Trace:
#0 D:\projetos\samed\app\webroot\index.php(141): Dispatcher->dispatch(Object(CakeRequest), Object(CakeResponse))
#1 {main}
2026-01-10 18:25:18 Error: [MissingControllerException] Controller class CssController could not be found.
Exception Attributes: array (
  'class' => 'CssController',
  'plugin' => NULL,
)
Request URL: /samed/css/smartadmin-skins.css
Stack Trace:
#0 D:\projetos\samed\app\webroot\index.php(141): Dispatcher->dispatch(Object(CakeRequest), Object(CakeResponse))
#1 {main}
2026-01-10 18:25:18 Error: [MissingControllerException] Controller class JsController could not be found.
Exception Attributes: array (
  'class' => 'JsController',
  'plugin' => NULL,
)
Request URL: /samed/js/plugin/pace/pace.min.js
Stack Trace:
#0 D:\projetos\samed\app\webroot\index.php(141): Dispatcher->dispatch(Object(CakeRequest), Object(CakeResponse))
#1 {main}
2026-01-10 18:25:18 Error: [MissingControllerException] Controller class JsController could not be found.
Exception Attributes: array (
  'class' => 'JsController',
  'plugin' => NULL,
)
Request URL: /samed/js/jquery.min.js
Stack Trace:
#0 D:\projetos\samed\app\webroot\index.php(141): Dispatcher->dispatch(Object(CakeRequest), Object(CakeResponse))
#1 {main}
2026-01-10 18:25:18 Error: [MissingControllerException] Controller class JsController could not be found.
Exception Attributes: array (
  'class' => 'JsController',
  'plugin' => NULL,
)
Request URL: /samed/js/jquery-ui.min.js
Stack Trace:
#0 D:\projetos\samed\app\webroot\index.php(141): Dispatcher->dispatch(Object(CakeRequest), Object(CakeResponse))
#1 {main}
2026-01-10 18:26:28 Error: Fatal Error (4): syntax error, unexpected '}' in [D:\projetos\samed\app\View\Helper\FuncoesHelper.php, line 295]
2026-01-10 18:26:28 Error: [FatalErrorException] syntax error, unexpected '}'
Request URL: /samed/admin/grupo_empresarial/selecione
Stack Trace:
#0 D:\projetos\samed\lib\Cake\Error\ErrorHandler.php(203): ErrorHandler::handleFatalError(4, 'syntax error, u...', 'D:\projetos\sam...', 295)
#1 [internal function]: ErrorHandler::handleError(4, 'syntax error, u...', 'D:\projetos\sam...', 295, Array)
#2 D:\projetos\samed\lib\Cake\Core\App.php(929): call_user_func('ErrorHandler::h...', 4, 'syntax error, u...', 'D:\projetos\sam...', 295, Array)
#3 D:\projetos\samed\lib\Cake\Core\App.php(902): App::_checkFatalError()
#4 [internal function]: App::shutdown()
#5 {main}
2026-01-10 18:26:28 Error: [MissingControllerException] Controller class CssController could not be found.
Exception Attributes: array (
  'class' => 'CssController',
  'plugin' => NULL,
)
Request URL: /samed/css/bootstrap.min.css
Stack Trace:
#0 D:\projetos\samed\app\webroot\index.php(141): Dispatcher->dispatch(Object(CakeRequest), Object(CakeResponse))
#1 {main}
2026-01-10 18:26:28 Error: [MissingControllerException] Controller class CssController could not be found.
Exception Attributes: array (
  'class' => 'CssController',
  'plugin' => NULL,
)
Request URL: /samed/css/font-awesome.min.css
Stack Trace:
#0 D:\projetos\samed\app\webroot\index.php(141): Dispatcher->dispatch(Object(CakeRequest), Object(CakeResponse))
#1 {main}
2026-01-10 18:26:28 Error: [MissingControllerException] Controller class CssController could not be found.
Exception Attributes: array (
  'class' => 'CssController',
  'plugin' => NULL,
)
Request URL: /samed/css/smartadmin-skins.css
Stack Trace:
#0 D:\projetos\samed\app\webroot\index.php(141): Dispatcher->dispatch(Object(CakeRequest), Object(CakeResponse))
#1 {main}
2026-01-10 18:26:28 Error: [MissingControllerException] Controller class CssController could not be found.
Exception Attributes: array (
  'class' => 'CssController',
  'plugin' => NULL,
)
Request URL: /samed/css/smartadmin-production.css
Stack Trace:
#0 D:\projetos\samed\app\webroot\index.php(141): Dispatcher->dispatch(Object(CakeRequest), Object(CakeResponse))
#1 {main}
2026-01-10 18:26:28 Error: [MissingControllerException] Controller class CssController could not be found.
Exception Attributes: array (
  'class' => 'CssController',
  'plugin' => NULL,
)
Request URL: /samed/css/demo.css
Stack Trace:
#0 D:\projetos\samed\app\webroot\index.php(141): Dispatcher->dispatch(Object(CakeRequest), Object(CakeResponse))
#1 {main}
2026-01-10 18:26:28 Error: [MissingControllerException] Controller class CssController could not be found.
Exception Attributes: array (
  'class' => 'CssController',
  'plugin' => NULL,
)
Request URL: /samed/css/font-google.css
Stack Trace:
#0 D:\projetos\samed\app\webroot\index.php(141): Dispatcher->dispatch(Object(CakeRequest), Object(CakeResponse))
#1 {main}
2026-01-10 18:26:28 Error: [MissingControllerException] Controller class JsController could not be found.
Exception Attributes: array (
  'class' => 'JsController',
  'plugin' => NULL,
)
Request URL: /samed/js/plugin/pace/pace.min.js
Stack Trace:
#0 D:\projetos\samed\app\webroot\index.php(141): Dispatcher->dispatch(Object(CakeRequest), Object(CakeResponse))
#1 {main}
2026-01-10 18:26:28 Error: [MissingControllerException] Controller class JsController could not be found.
Exception Attributes: array (
  'class' => 'JsController',
  'plugin' => NULL,
)
Request URL: /samed/js/jquery.min.js
Stack Trace:
#0 D:\projetos\samed\app\webroot\index.php(141): Dispatcher->dispatch(Object(CakeRequest), Object(CakeResponse))
#1 {main}
2026-01-10 18:26:28 Error: [MissingControllerException] Controller class JsController could not be found.
Exception Attributes: array (
  'class' => 'JsController',
  'plugin' => NULL,
)
Request URL: /samed/js/jquery-ui.min.js
Stack Trace:
#0 D:\projetos\samed\app\webroot\index.php(141): Dispatcher->dispatch(Object(CakeRequest), Object(CakeResponse))
#1 {main}
2026-01-10 19:07:52 Error: [MissingControllerException] Controller class ProcessarArquivoController could not be found.
Exception Attributes: array (
  'class' => 'ProcessarArquivoController',
  'plugin' => NULL,
)
Request URL: /samed/admin/processar_arquivo
Stack Trace:
#0 D:\projetos\samed\app\webroot\index.php(141): Dispatcher->dispatch(Object(CakeRequest), Object(CakeResponse))
#1 {main}
2026-01-10 19:08:07 Error: [MissingControllerException] Controller class ProcessarArquivoController could not be found.
Exception Attributes: array (
  'class' => 'ProcessarArquivoController',
  'plugin' => NULL,
)
Request URL: /samed/processar_arquivo
Stack Trace:
#0 D:\projetos\samed\app\webroot\index.php(141): Dispatcher->dispatch(Object(CakeRequest), Object(CakeResponse))
#1 {main}
2026-01-10 19:08:07 Error: [MissingControllerException] Controller class CssController could not be found.
Exception Attributes: array (
  'class' => 'CssController',
  'plugin' => NULL,
)
Request URL: /samed/css/bootstrap.min.css
Stack Trace:
#0 D:\projetos\samed\app\webroot\index.php(141): Dispatcher->dispatch(Object(CakeRequest), Object(CakeResponse))
#1 {main}
2026-01-10 19:08:07 Error: [MissingControllerException] Controller class CssController could not be found.
Exception Attributes: array (
  'class' => 'CssController',
  'plugin' => NULL,
)
Request URL: /samed/css/font-awesome.min.css
Stack Trace:
#0 D:\projetos\samed\app\webroot\index.php(141): Dispatcher->dispatch(Object(CakeRequest), Object(CakeResponse))
#1 {main}
2026-01-10 19:08:07 Error: [MissingControllerException] Controller class CssController could not be found.
Exception Attributes: array (
  'class' => 'CssController',
  'plugin' => NULL,
)
Request URL: /samed/css/font-google.css
Stack Trace:
#0 D:\projetos\samed\app\webroot\index.php(141): Dispatcher->dispatch(Object(CakeRequest), Object(CakeResponse))
#1 {main}
2026-01-10 19:08:07 Error: [MissingControllerException] Controller class CssController could not be found.
Exception Attributes: array (
  'class' => 'CssController',
  'plugin' => NULL,
)
Request URL: /samed/css/smartadmin-production.css
Stack Trace:
#0 D:\projetos\samed\app\webroot\index.php(141): Dispatcher->dispatch(Object(CakeRequest), Object(CakeResponse))
#1 {main}
2026-01-10 19:08:08 Error: [MissingControllerException] Controller class CssController could not be found.
Exception Attributes: array (
  'class' => 'CssController',
  'plugin' => NULL,
)
Request URL: /samed/css/smartadmin-skins.css
Stack Trace:
#0 D:\projetos\samed\app\webroot\index.php(141): Dispatcher->dispatch(Object(CakeRequest), Object(CakeResponse))
#1 {main}
2026-01-10 19:08:08 Error: [MissingControllerException] Controller class CssController could not be found.
Exception Attributes: array (
  'class' => 'CssController',
  'plugin' => NULL,
)
Request URL: /samed/css/demo.css
Stack Trace:
#0 D:\projetos\samed\app\webroot\index.php(141): Dispatcher->dispatch(Object(CakeRequest), Object(CakeResponse))
#1 {main}
2026-01-10 19:08:08 Error: [MissingControllerException] Controller class JsController could not be found.
Exception Attributes: array (
  'class' => 'JsController',
  'plugin' => NULL,
)
Request URL: /samed/js/jquery.min.js
Stack Trace:
#0 D:\projetos\samed\app\webroot\index.php(141): Dispatcher->dispatch(Object(CakeRequest), Object(CakeResponse))
#1 {main}
2026-01-10 19:08:08 Error: [MissingControllerException] Controller class JsController could not be found.
Exception Attributes: array (
  'class' => 'JsController',
  'plugin' => NULL,
)
Request URL: /samed/js/jquery-ui.min.js
Stack Trace:
#0 D:\projetos\samed\app\webroot\index.php(141): Dispatcher->dispatch(Object(CakeRequest), Object(CakeResponse))
#1 {main}
2026-01-10 19:08:08 Error: [MissingControllerException] Controller class JsController could not be found.
Exception Attributes: array (
  'class' => 'JsController',
  'plugin' => NULL,
)
Request URL: /samed/js/plugin/pace/pace.min.js
Stack Trace:
#0 D:\projetos\samed\app\webroot\index.php(141): Dispatcher->dispatch(Object(CakeRequest), Object(CakeResponse))
#1 {main}
2026-01-10 19:08:24 Error: [MissingActionException] Action ImportacaoNovaController::processar_arquivo() could not be found.
Exception Attributes: array (
  'controller' => 'ImportacaoNovaController',
  'action' => 'processar_arquivo',
)
Request URL: /samed/importacao_nova/processar_arquivo
Stack Trace:
#0 D:\projetos\samed\lib\Cake\Routing\Dispatcher.php(185): Controller->invokeAction(Object(CakeRequest))
#1 D:\projetos\samed\lib\Cake\Routing\Dispatcher.php(160): Dispatcher->_invoke(Object(ImportacaoNovaController), Object(CakeRequest), Object(CakeResponse))
#2 D:\projetos\samed\app\webroot\index.php(141): Dispatcher->dispatch(Object(CakeRequest), Object(CakeResponse))
#3 {main}
2026-01-10 19:08:24 Error: [MissingControllerException] Controller class CssController could not be found.
Exception Attributes: array (
  'class' => 'CssController',
  'plugin' => NULL,
)
Request URL: /samed/css/bootstrap.min.css
Stack Trace:
#0 D:\projetos\samed\app\webroot\index.php(141): Dispatcher->dispatch(Object(CakeRequest), Object(CakeResponse))
#1 {main}
2026-01-10 19:08:24 Error: [MissingControllerException] Controller class CssController could not be found.
Exception Attributes: array (
  'class' => 'CssController',
  'plugin' => NULL,
)
Request URL: /samed/css/font-google.css
Stack Trace:
#0 D:\projetos\samed\app\webroot\index.php(141): Dispatcher->dispatch(Object(CakeRequest), Object(CakeResponse))
#1 {main}
2026-01-10 19:08:24 Error: [MissingControllerException] Controller class CssController could not be found.
Exception Attributes: array (
  'class' => 'CssController',
  'plugin' => NULL,
)
Request URL: /samed/css/demo.css
Stack Trace:
#0 D:\projetos\samed\app\webroot\index.php(141): Dispatcher->dispatch(Object(CakeRequest), Object(CakeResponse))
#1 {main}
2026-01-10 19:08:24 Error: [MissingControllerException] Controller class CssController could not be found.
Exception Attributes: array (
  'class' => 'CssController',
  'plugin' => NULL,
)
Request URL: /samed/css/smartadmin-skins.css
Stack Trace:
#0 D:\projetos\samed\app\webroot\index.php(141): Dispatcher->dispatch(Object(CakeRequest), Object(CakeResponse))
#1 {main}
2026-01-10 19:08:24 Error: [MissingControllerException] Controller class CssController could not be found.
Exception Attributes: array (
  'class' => 'CssController',
  'plugin' => NULL,
)
Request URL: /samed/css/font-awesome.min.css
Stack Trace:
#0 D:\projetos\samed\app\webroot\index.php(141): Dispatcher->dispatch(Object(CakeRequest), Object(CakeResponse))
#1 {main}
2026-01-10 19:08:24 Error: [MissingControllerException] Controller class CssController could not be found.
Exception Attributes: array (
  'class' => 'CssController',
  'plugin' => NULL,
)
Request URL: /samed/css/smartadmin-production.css
Stack Trace:
#0 D:\projetos\samed\app\webroot\index.php(141): Dispatcher->dispatch(Object(CakeRequest), Object(CakeResponse))
#1 {main}
2026-01-10 19:08:25 Error: [MissingControllerException] Controller class JsController could not be found.
Exception Attributes: array (
  'class' => 'JsController',
  'plugin' => NULL,
)
Request URL: /samed/js/plugin/pace/pace.min.js
Stack Trace:
#0 D:\projetos\samed\app\webroot\index.php(141): Dispatcher->dispatch(Object(CakeRequest), Object(CakeResponse))
#1 {main}
2026-01-10 19:08:25 Error: [MissingControllerException] Controller class JsController could not be found.
Exception Attributes: array (
  'class' => 'JsController',
  'plugin' => NULL,
)
Request URL: /samed/js/jquery.min.js
Stack Trace:
#0 D:\projetos\samed\app\webroot\index.php(141): Dispatcher->dispatch(Object(CakeRequest), Object(CakeResponse))
#1 {main}
2026-01-10 19:08:25 Error: [MissingControllerException] Controller class JsController could not be found.
Exception Attributes: array (
  'class' => 'JsController',
  'plugin' => NULL,
)
Request URL: /samed/js/jquery-ui.min.js
Stack Trace:
#0 D:\projetos\samed\app\webroot\index.php(141): Dispatcher->dispatch(Object(CakeRequest), Object(CakeResponse))
#1 {main}
2026-01-10 19:10:11 Error: [MissingActionException] Action ImportacaoNovaController::index() could not be found.
Exception Attributes: array (
  'controller' => 'ImportacaoNovaController',
  'action' => 'index',
)
Request URL: /samed/importacao_nova/
Stack Trace:
#0 D:\projetos\samed\lib\Cake\Routing\Dispatcher.php(185): Controller->invokeAction(Object(CakeRequest))
#1 D:\projetos\samed\lib\Cake\Routing\Dispatcher.php(160): Dispatcher->_invoke(Object(ImportacaoNovaController), Object(CakeRequest), Object(CakeResponse))
#2 D:\projetos\samed\app\webroot\index.php(141): Dispatcher->dispatch(Object(CakeRequest), Object(CakeResponse))
#3 {main}
2026-01-10 19:10:11 Error: [MissingControllerException] Controller class CssController could not be found.
Exception Attributes: array (
  'class' => 'CssController',
  'plugin' => NULL,
)
Request URL: /samed/css/bootstrap.min.css
Stack Trace:
#0 D:\projetos\samed\app\webroot\index.php(141): Dispatcher->dispatch(Object(CakeRequest), Object(CakeResponse))
#1 {main}
2026-01-10 19:10:11 Error: [MissingControllerException] Controller class CssController could not be found.
Exception Attributes: array (
  'class' => 'CssController',
  'plugin' => NULL,
)
Request URL: /samed/css/demo.css
Stack Trace:
#0 D:\projetos\samed\app\webroot\index.php(141): Dispatcher->dispatch(Object(CakeRequest), Object(CakeResponse))
#1 {main}
2026-01-10 19:10:11 Error: [MissingControllerException] Controller class CssController could not be found.
Exception Attributes: array (
  'class' => 'CssController',
  'plugin' => NULL,
)
Request URL: /samed/css/font-awesome.min.css
Stack Trace:
#0 D:\projetos\samed\app\webroot\index.php(141): Dispatcher->dispatch(Object(CakeRequest), Object(CakeResponse))
#1 {main}
2026-01-10 19:10:11 Error: [MissingControllerException] Controller class CssController could not be found.
Exception Attributes: array (
  'class' => 'CssController',
  'plugin' => NULL,
)
Request URL: /samed/css/font-google.css
Stack Trace:
#0 D:\projetos\samed\app\webroot\index.php(141): Dispatcher->dispatch(Object(CakeRequest), Object(CakeResponse))
#1 {main}
2026-01-10 19:10:11 Error: [MissingControllerException] Controller class CssController could not be found.
Exception Attributes: array (
  'class' => 'CssController',
  'plugin' => NULL,
)
Request URL: /samed/css/smartadmin-skins.css
Stack Trace:
#0 D:\projetos\samed\app\webroot\index.php(141): Dispatcher->dispatch(Object(CakeRequest), Object(CakeResponse))
#1 {main}
2026-01-10 19:10:11 Error: [MissingControllerException] Controller class CssController could not be found.
Exception Attributes: array (
  'class' => 'CssController',
  'plugin' => NULL,
)
Request URL: /samed/css/smartadmin-production.css
Stack Trace:
#0 D:\projetos\samed\app\webroot\index.php(141): Dispatcher->dispatch(Object(CakeRequest), Object(CakeResponse))
#1 {main}
2026-01-10 19:10:11 Error: [MissingControllerException] Controller class JsController could not be found.
Exception Attributes: array (
  'class' => 'JsController',
  'plugin' => NULL,
)
Request URL: /samed/js/plugin/pace/pace.min.js
Stack Trace:
#0 D:\projetos\samed\app\webroot\index.php(141): Dispatcher->dispatch(Object(CakeRequest), Object(CakeResponse))
#1 {main}
2026-01-10 19:10:11 Error: [MissingControllerException] Controller class JsController could not be found.
Exception Attributes: array (
  'class' => 'JsController',
  'plugin' => NULL,
)
Request URL: /samed/js/jquery.min.js
Stack Trace:
#0 D:\projetos\samed\app\webroot\index.php(141): Dispatcher->dispatch(Object(CakeRequest), Object(CakeResponse))
#1 {main}
2026-01-10 19:10:11 Error: [MissingControllerException] Controller class JsController could not be found.
Exception Attributes: array (
  'class' => 'JsController',
  'plugin' => NULL,
)
Request URL: /samed/js/jquery-ui.min.js
Stack Trace:
#0 D:\projetos\samed\app\webroot\index.php(141): Dispatcher->dispatch(Object(CakeRequest), Object(CakeResponse))
#1 {main}
2026-01-10 19:13:22 Error: Fatal Error (1): Class 'PhpOffice\PhpSpreadsheet\Spreadsheet' not found in [D:\projetos\samed\app\Controller\ImportacaoNovaController.php, line 342]
2026-01-10 19:13:22 Error: [FatalErrorException] Class 'PhpOffice\PhpSpreadsheet\Spreadsheet' not found
Request URL: /samed/importacao_nova/processar_arquivo
Stack Trace:
#0 D:\projetos\samed\lib\Cake\Error\ErrorHandler.php(203): ErrorHandler::handleFatalError(1, 'Class 'PhpOffic...', 'D:\projetos\sam...', 342)
#1 [internal function]: ErrorHandler::handleError(1, 'Class 'PhpOffic...', 'D:\projetos\sam...', 342, Array)
#2 D:\projetos\samed\lib\Cake\Core\App.php(929): call_user_func('ErrorHandler::h...', 1, 'Class 'PhpOffic...', 'D:\projetos\sam...', 342, Array)
#3 D:\projetos\samed\lib\Cake\Core\App.php(902): App::_checkFatalError()
#4 [internal function]: App::shutdown()
#5 {main}
2026-01-10 19:13:22 Error: [MissingControllerException] Controller class CssController could not be found.
Exception Attributes: array (
  'class' => 'CssController',
  'plugin' => NULL,
)
Request URL: /samed/css/bootstrap.min.css
Stack Trace:
#0 D:\projetos\samed\app\webroot\index.php(141): Dispatcher->dispatch(Object(CakeRequest), Object(CakeResponse))
#1 {main}
2026-01-10 19:13:22 Error: [MissingControllerException] Controller class CssController could not be found.
Exception Attributes: array (
  'class' => 'CssController',
  'plugin' => NULL,
)
Request URL: /samed/css/smartadmin-production.css
Stack Trace:
#0 D:\projetos\samed\app\webroot\index.php(141): Dispatcher->dispatch(Object(CakeRequest), Object(CakeResponse))
#1 {main}
2026-01-10 19:13:22 Error: [MissingControllerException] Controller class CssController could not be found.
Exception Attributes: array (
  'class' => 'CssController',
  'plugin' => NULL,
)
Request URL: /samed/css/demo.css
Stack Trace:
#0 D:\projetos\samed\app\webroot\index.php(141): Dispatcher->dispatch(Object(CakeRequest), Object(CakeResponse))
#1 {main}
2026-01-10 19:13:22 Error: [MissingControllerException] Controller class CssController could not be found.
Exception Attributes: array (
  'class' => 'CssController',
  'plugin' => NULL,
)
Request URL: /samed/css/font-google.css
Stack Trace:
#0 D:\projetos\samed\app\webroot\index.php(141): Dispatcher->dispatch(Object(CakeRequest), Object(CakeResponse))
#1 {main}
2026-01-10 19:13:22 Error: [MissingControllerException] Controller class CssController could not be found.
Exception Attributes: array (
  'class' => 'CssController',
  'plugin' => NULL,
)
Request URL: /samed/css/smartadmin-skins.css
Stack Trace:
#0 D:\projetos\samed\app\webroot\index.php(141): Dispatcher->dispatch(Object(CakeRequest), Object(CakeResponse))
#1 {main}
2026-01-10 19:13:22 Error: [MissingControllerException] Controller class CssController could not be found.
Exception Attributes: array (
  'class' => 'CssController',
  'plugin' => NULL,
)
Request URL: /samed/css/font-awesome.min.css
Stack Trace:
#0 D:\projetos\samed\app\webroot\index.php(141): Dispatcher->dispatch(Object(CakeRequest), Object(CakeResponse))
#1 {main}
2026-01-10 19:13:22 Error: [MissingControllerException] Controller class JsController could not be found.
Exception Attributes: array (
  'class' => 'JsController',
  'plugin' => NULL,
)
Request URL: /samed/js/plugin/pace/pace.min.js
Stack Trace:
#0 D:\projetos\samed\app\webroot\index.php(141): Dispatcher->dispatch(Object(CakeRequest), Object(CakeResponse))
#1 {main}
2026-01-10 19:13:23 Error: [MissingControllerException] Controller class JsController could not be found.
Exception Attributes: array (
  'class' => 'JsController',
  'plugin' => NULL,
)
Request URL: /samed/js/jquery.min.js
Stack Trace:
#0 D:\projetos\samed\app\webroot\index.php(141): Dispatcher->dispatch(Object(CakeRequest), Object(CakeResponse))
#1 {main}
2026-01-10 19:13:23 Error: [MissingControllerException] Controller class JsController could not be found.
Exception Attributes: array (
  'class' => 'JsController',
  'plugin' => NULL,
)
Request URL: /samed/js/jquery-ui.min.js
Stack Trace:
#0 D:\projetos\samed\app\webroot\index.php(141): Dispatcher->dispatch(Object(CakeRequest), Object(CakeResponse))
#1 {main}
2026-01-26 12:04:43 Error: [NotFoundException] Not Found
Request URL: /samed/importacao_nova/processar_arquivo
Stack Trace:
#0 [internal function]: ImportacaoNovaController->processar_arquivo()
#1 D:\projetos\samed\lib\Cake\Controller\Controller.php(490): ReflectionMethod->invokeArgs(Object(ImportacaoNovaController), Array)
#2 D:\projetos\samed\lib\Cake\Routing\Dispatcher.php(185): Controller->invokeAction(Object(CakeRequest))
#3 D:\projetos\samed\lib\Cake\Routing\Dispatcher.php(160): Dispatcher->_invoke(Object(ImportacaoNovaController), Object(CakeRequest), Object(CakeResponse))
#4 D:\projetos\samed\app\webroot\index.php(141): Dispatcher->dispatch(Object(CakeRequest), Object(CakeResponse))
#5 {main}
2026-01-26 12:04:46 Error: [MissingControllerException] Controller class CssController could not be found.
Exception Attributes: array (
  'class' => 'CssController',
  'plugin' => NULL,
)
Request URL: /samed/css/bootstrap.min.css
Stack Trace:
#0 D:\projetos\samed\app\webroot\index.php(141): Dispatcher->dispatch(Object(CakeRequest), Object(CakeResponse))
#1 {main}
2026-01-26 12:04:46 Error: [MissingControllerException] Controller class CssController could not be found.
Exception Attributes: array (
  'class' => 'CssController',
  'plugin' => NULL,
)
Request URL: /samed/css/font-awesome.min.css
Stack Trace:
#0 D:\projetos\samed\app\webroot\index.php(141): Dispatcher->dispatch(Object(CakeRequest), Object(CakeResponse))
#1 {main}
2026-01-26 12:04:46 Error: [MissingControllerException] Controller class CssController could not be found.
Exception Attributes: array (
  'class' => 'CssController',
  'plugin' => NULL,
)
Request URL: /samed/css/smartadmin-production.css
Stack Trace:
#0 D:\projetos\samed\app\webroot\index.php(141): Dispatcher->dispatch(Object(CakeRequest), Object(CakeResponse))
#1 {main}
2026-01-26 12:04:47 Error: [MissingControllerException] Controller class CssController could not be found.
Exception Attributes: array (
  'class' => 'CssController',
  'plugin' => NULL,
)
Request URL: /samed/css/smartadmin-skins.css
Stack Trace:
#0 D:\projetos\samed\app\webroot\index.php(141): Dispatcher->dispatch(Object(CakeRequest), Object(CakeResponse))
#1 {main}
2026-01-26 12:04:47 Error: [MissingControllerException] Controller class CssController could not be found.
Exception Attributes: array (
  'class' => 'CssController',
  'plugin' => NULL,
)
Request URL: /samed/css/demo.css
Stack Trace:
#0 D:\projetos\samed\app\webroot\index.php(141): Dispatcher->dispatch(Object(CakeRequest), Object(CakeResponse))
#1 {main}
2026-01-26 12:04:47 Error: [MissingControllerException] Controller class CssController could not be found.
Exception Attributes: array (
  'class' => 'CssController',
  'plugin' => NULL,
)
Request URL: /samed/css/font-google.css
Stack Trace:
#0 D:\projetos\samed\app\webroot\index.php(141): Dispatcher->dispatch(Object(CakeRequest), Object(CakeResponse))
#1 {main}
2026-01-26 12:04:47 Error: [MissingControllerException] Controller class JsController could not be found.
Exception Attributes: array (
  'class' => 'JsController',
  'plugin' => NULL,
)
Request URL: /samed/js/plugin/pace/pace.min.js
Stack Trace:
#0 D:\projetos\samed\app\webroot\index.php(141): Dispatcher->dispatch(Object(CakeRequest), Object(CakeResponse))
#1 {main}
2026-01-26 12:04:47 Error: [MissingControllerException] Controller class JsController could not be found.
Exception Attributes: array (
  'class' => 'JsController',
  'plugin' => NULL,
)
Request URL: /samed/js/jquery.min.js
Stack Trace:
#0 D:\projetos\samed\app\webroot\index.php(141): Dispatcher->dispatch(Object(CakeRequest), Object(CakeResponse))
#1 {main}
2026-01-26 12:04:47 Error: [MissingControllerException] Controller class JsController could not be found.
Exception Attributes: array (
  'class' => 'JsController',
  'plugin' => NULL,
)
Request URL: /samed/js/jquery-ui.min.js
Stack Trace:
#0 D:\projetos\samed\app\webroot\index.php(141): Dispatcher->dispatch(Object(CakeRequest), Object(CakeResponse))
#1 {main}
2026-01-31 05:20:18 Error: Fatal Error (1): Call to a member function findById() on a non-object in [D:\projetos\samed\app\Controller\ImportacaoNovaController.php, line 332]
2026-01-31 05:20:18 Error: [FatalErrorException] Call to a member function findById() on a non-object
Request URL: /samed/importacao_nova/status/1
Stack Trace:
#0 D:\projetos\samed\lib\Cake\Error\ErrorHandler.php(203): ErrorHandler::handleFatalError(1, 'Call to a membe...', 'D:\projetos\sam...', 332)
#1 [internal function]: ErrorHandler::handleError(1, 'Call to a membe...', 'D:\projetos\sam...', 332, Array)
#2 D:\projetos\samed\lib\Cake\Core\App.php(929): call_user_func('ErrorHandler::h...', 1, 'Call to a membe...', 'D:\projetos\sam...', 332, Array)
#3 D:\projetos\samed\lib\Cake\Core\App.php(902): App::_checkFatalError()
#4 [internal function]: App::shutdown()
#5 {main}
2026-01-31 05:20:20 Error: Fatal Error (1): Call to a member function findById() on a non-object in [D:\projetos\samed\app\Controller\ImportacaoNovaController.php, line 332]
2026-01-31 05:20:20 Error: [FatalErrorException] Call to a member function findById() on a non-object
Request URL: /samed/importacao_nova/status/1
Stack Trace:
#0 D:\projetos\samed\lib\Cake\Error\ErrorHandler.php(203): ErrorHandler::handleFatalError(1, 'Call to a membe...', 'D:\projetos\sam...', 332)
#1 [internal function]: ErrorHandler::handleError(1, 'Call to a membe...', 'D:\projetos\sam...', 332, Array)
#2 D:\projetos\samed\lib\Cake\Core\App.php(929): call_user_func('ErrorHandler::h...', 1, 'Call to a membe...', 'D:\projetos\sam...', 332, Array)
#3 D:\projetos\samed\lib\Cake\Core\App.php(902): App::_checkFatalError()
#4 [internal function]: App::shutdown()
#5 {main}
2026-01-31 05:20:22 Error: Fatal Error (1): Call to a member function findById() on a non-object in [D:\projetos\samed\app\Controller\ImportacaoNovaController.php, line 332]
2026-01-31 05:20:22 Error: [FatalErrorException] Call to a member function findById() on a non-object
Request URL: /samed/importacao_nova/status/1
Stack Trace:
#0 D:\projetos\samed\lib\Cake\Error\ErrorHandler.php(203): ErrorHandler::handleFatalError(1, 'Call to a membe...', 'D:\projetos\sam...', 332)
#1 [internal function]: ErrorHandler::handleError(1, 'Call to a membe...', 'D:\projetos\sam...', 332, Array)
#2 D:\projetos\samed\lib\Cake\Core\App.php(929): call_user_func('ErrorHandler::h...', 1, 'Call to a membe...', 'D:\projetos\sam...', 332, Array)
#3 D:\projetos\samed\lib\Cake\Core\App.php(902): App::_checkFatalError()
#4 [internal function]: App::shutdown()
#5 {main}
2026-01-31 05:20:24 Error: Fatal Error (1): Call to a member function findById() on a non-object in [D:\projetos\samed\app\Controller\ImportacaoNovaController.php, line 332]
2026-01-31 05:20:24 Error: [FatalErrorException] Call to a member function findById() on a non-object
Request URL: /samed/importacao_nova/status/1
Stack Trace:
#0 D:\projetos\samed\lib\Cake\Error\ErrorHandler.php(203): ErrorHandler::handleFatalError(1, 'Call to a membe...', 'D:\projetos\sam...', 332)
#1 [internal function]: ErrorHandler::handleError(1, 'Call to a membe...', 'D:\projetos\sam...', 332, Array)
#2 D:\projetos\samed\lib\Cake\Core\App.php(929): call_user_func('ErrorHandler::h...', 1, 'Call to a membe...', 'D:\projetos\sam...', 332, Array)
#3 D:\projetos\samed\lib\Cake\Core\App.php(902): App::_checkFatalError()
#4 [internal function]: App::shutdown()
#5 {main}
2026-01-31 05:20:26 Error: Fatal Error (1): Call to a member function findById() on a non-object in [D:\projetos\samed\app\Controller\ImportacaoNovaController.php, line 332]
2026-01-31 05:20:26 Error: [FatalErrorException] Call to a member function findById() on a non-object
Request URL: /samed/importacao_nova/status/1
Stack Trace:
#0 D:\projetos\samed\lib\Cake\Error\ErrorHandler.php(203): ErrorHandler::handleFatalError(1, 'Call to a membe...', 'D:\projetos\sam...', 332)
#1 [internal function]: ErrorHandler::handleError(1, 'Call to a membe...', 'D:\projetos\sam...', 332, Array)
#2 D:\projetos\samed\lib\Cake\Core\App.php(929): call_user_func('ErrorHandler::h...', 1, 'Call to a membe...', 'D:\projetos\sam...', 332, Array)
#3 D:\projetos\samed\lib\Cake\Core\App.php(902): App::_checkFatalError()
#4 [internal function]: App::shutdown()
#5 {main}
2026-01-31 05:20:28 Error: Fatal Error (1): Call to a member function findById() on a non-object in [D:\projetos\samed\app\Controller\ImportacaoNovaController.php, line 332]
2026-01-31 05:20:28 Error: [FatalErrorException] Call to a member function findById() on a non-object
Request URL: /samed/importacao_nova/status/1
Stack Trace:
#0 D:\projetos\samed\lib\Cake\Error\ErrorHandler.php(203): ErrorHandler::handleFatalError(1, 'Call to a membe...', 'D:\projetos\sam...', 332)
#1 [internal function]: ErrorHandler::handleError(1, 'Call to a membe...', 'D:\projetos\sam...', 332, Array)
#2 D:\projetos\samed\lib\Cake\Core\App.php(929): call_user_func('ErrorHandler::h...', 1, 'Call to a membe...', 'D:\projetos\sam...', 332, Array)
#3 D:\projetos\samed\lib\Cake\Core\App.php(902): App::_checkFatalError()
#4 [internal function]: App::shutdown()
#5 {main}
2026-01-31 05:20:30 Error: Fatal Error (1): Call to a member function findById() on a non-object in [D:\projetos\samed\app\Controller\ImportacaoNovaController.php, line 332]
2026-01-31 05:20:30 Error: [FatalErrorException] Call to a member function findById() on a non-object
Request URL: /samed/importacao_nova/status/1
Stack Trace:
#0 D:\projetos\samed\lib\Cake\Error\ErrorHandler.php(203): ErrorHandler::handleFatalError(1, 'Call to a membe...', 'D:\projetos\sam...', 332)
#1 [internal function]: ErrorHandler::handleError(1, 'Call to a membe...', 'D:\projetos\sam...', 332, Array)
#2 D:\projetos\samed\lib\Cake\Core\App.php(929): call_user_func('ErrorHandler::h...', 1, 'Call to a membe...', 'D:\projetos\sam...', 332, Array)
#3 D:\projetos\samed\lib\Cake\Core\App.php(902): App::_checkFatalError()
#4 [internal function]: App::shutdown()
#5 {main}
2026-01-31 05:20:32 Error: Fatal Error (1): Call to a member function findById() on a non-object in [D:\projetos\samed\app\Controller\ImportacaoNovaController.php, line 332]
2026-01-31 05:20:32 Error: [FatalErrorException] Call to a member function findById() on a non-object
Request URL: /samed/importacao_nova/status/1
Stack Trace:
#0 D:\projetos\samed\lib\Cake\Error\ErrorHandler.php(203): ErrorHandler::handleFatalError(1, 'Call to a membe...', 'D:\projetos\sam...', 332)
#1 [internal function]: ErrorHandler::handleError(1, 'Call to a membe...', 'D:\projetos\sam...', 332, Array)
#2 D:\projetos\samed\lib\Cake\Core\App.php(929): call_user_func('ErrorHandler::h...', 1, 'Call to a membe...', 'D:\projetos\sam...', 332, Array)
#3 D:\projetos\samed\lib\Cake\Core\App.php(902): App::_checkFatalError()
#4 [internal function]: App::shutdown()
#5 {main}
2026-01-31 05:20:34 Error: Fatal Error (1): Call to a member function findById() on a non-object in [D:\projetos\samed\app\Controller\ImportacaoNovaController.php, line 332]
2026-01-31 05:20:34 Error: [FatalErrorException] Call to a member function findById() on a non-object
Request URL: /samed/importacao_nova/status/1
Stack Trace:
#0 D:\projetos\samed\lib\Cake\Error\ErrorHandler.php(203): ErrorHandler::handleFatalError(1, 'Call to a membe...', 'D:\projetos\sam...', 332)
#1 [internal function]: ErrorHandler::handleError(1, 'Call to a membe...', 'D:\projetos\sam...', 332, Array)
#2 D:\projetos\samed\lib\Cake\Core\App.php(929): call_user_func('ErrorHandler::h...', 1, 'Call to a membe...', 'D:\projetos\sam...', 332, Array)
#3 D:\projetos\samed\lib\Cake\Core\App.php(902): App::_checkFatalError()
#4 [internal function]: App::shutdown()
#5 {main}
2026-01-31 05:20:36 Error: Fatal Error (1): Call to a member function findById() on a non-object in [D:\projetos\samed\app\Controller\ImportacaoNovaController.php, line 332]
2026-01-31 05:20:36 Error: [FatalErrorException] Call to a member function findById() on a non-object
Request URL: /samed/importacao_nova/status/1
Stack Trace:
#0 D:\projetos\samed\lib\Cake\Error\ErrorHandler.php(203): ErrorHandler::handleFatalError(1, 'Call to a membe...', 'D:\projetos\sam...', 332)
#1 [internal function]: ErrorHandler::handleError(1, 'Call to a membe...', 'D:\projetos\sam...', 332, Array)
#2 D:\projetos\samed\lib\Cake\Core\App.php(929): call_user_func('ErrorHandler::h...', 1, 'Call to a membe...', 'D:\projetos\sam...', 332, Array)
#3 D:\projetos\samed\lib\Cake\Core\App.php(902): App::_checkFatalError()
#4 [internal function]: App::shutdown()
#5 {main}
2026-01-31 05:20:38 Error: Fatal Error (1): Call to a member function findById() on a non-object in [D:\projetos\samed\app\Controller\ImportacaoNovaController.php, line 332]
2026-01-31 05:20:38 Error: [FatalErrorException] Call to a member function findById() on a non-object
Request URL: /samed/importacao_nova/status/1
Stack Trace:
#0 D:\projetos\samed\lib\Cake\Error\ErrorHandler.php(203): ErrorHandler::handleFatalError(1, 'Call to a membe...', 'D:\projetos\sam...', 332)
#1 [internal function]: ErrorHandler::handleError(1, 'Call to a membe...', 'D:\projetos\sam...', 332, Array)
#2 D:\projetos\samed\lib\Cake\Core\App.php(929): call_user_func('ErrorHandler::h...', 1, 'Call to a membe...', 'D:\projetos\sam...', 332, Array)
#3 D:\projetos\samed\lib\Cake\Core\App.php(902): App::_checkFatalError()
#4 [internal function]: App::shutdown()
#5 {main}
2026-01-31 05:20:40 Error: Fatal Error (1): Call to a member function findById() on a non-object in [D:\projetos\samed\app\Controller\ImportacaoNovaController.php, line 332]
2026-01-31 05:20:40 Error: [FatalErrorException] Call to a member function findById() on a non-object
Request URL: /samed/importacao_nova/status/1
Stack Trace:
#0 D:\projetos\samed\lib\Cake\Error\ErrorHandler.php(203): ErrorHandler::handleFatalError(1, 'Call to a membe...', 'D:\projetos\sam...', 332)
#1 [internal function]: ErrorHandler::handleError(1, 'Call to a membe...', 'D:\projetos\sam...', 332, Array)
#2 D:\projetos\samed\lib\Cake\Core\App.php(929): call_user_func('ErrorHandler::h...', 1, 'Call to a membe...', 'D:\projetos\sam...', 332, Array)
#3 D:\projetos\samed\lib\Cake\Core\App.php(902): App::_checkFatalError()
#4 [internal function]: App::shutdown()
#5 {main}
2026-01-31 05:20:42 Error: Fatal Error (1): Call to a member function findById() on a non-object in [D:\projetos\samed\app\Controller\ImportacaoNovaController.php, line 332]
2026-01-31 05:20:42 Error: [FatalErrorException] Call to a member function findById() on a non-object
Request URL: /samed/importacao_nova/status/1
Stack Trace:
#0 D:\projetos\samed\lib\Cake\Error\ErrorHandler.php(203): ErrorHandler::handleFatalError(1, 'Call to a membe...', 'D:\projetos\sam...', 332)
#1 [internal function]: ErrorHandler::handleError(1, 'Call to a membe...', 'D:\projetos\sam...', 332, Array)
#2 D:\projetos\samed\lib\Cake\Core\App.php(929): call_user_func('ErrorHandler::h...', 1, 'Call to a membe...', 'D:\projetos\sam...', 332, Array)
#3 D:\projetos\samed\lib\Cake\Core\App.php(902): App::_checkFatalError()
#4 [internal function]: App::shutdown()
#5 {main}
2026-01-31 05:20:44 Error: Fatal Error (1): Call to a member function findById() on a non-object in [D:\projetos\samed\app\Controller\ImportacaoNovaController.php, line 332]
2026-01-31 05:20:44 Error: [FatalErrorException] Call to a member function findById() on a non-object
Request URL: /samed/importacao_nova/status/1
Stack Trace:
#0 D:\projetos\samed\lib\Cake\Error\ErrorHandler.php(203): ErrorHandler::handleFatalError(1, 'Call to a membe...', 'D:\projetos\sam...', 332)
#1 [internal function]: ErrorHandler::handleError(1, 'Call to a membe...', 'D:\projetos\sam...', 332, Array)
#2 D:\projetos\samed\lib\Cake\Core\App.php(929): call_user_func('ErrorHandler::h...', 1, 'Call to a membe...', 'D:\projetos\sam...', 332, Array)
#3 D:\projetos\samed\lib\Cake\Core\App.php(902): App::_checkFatalError()
#4 [internal function]: App::shutdown()
#5 {main}
2026-01-31 05:20:46 Error: Fatal Error (1): Call to a member function findById() on a non-object in [D:\projetos\samed\app\Controller\ImportacaoNovaController.php, line 332]
2026-01-31 05:20:46 Error: [FatalErrorException] Call to a member function findById() on a non-object
Request URL: /samed/importacao_nova/status/1
Stack Trace:
#0 D:\projetos\samed\lib\Cake\Error\ErrorHandler.php(203): ErrorHandler::handleFatalError(1, 'Call to a membe...', 'D:\projetos\sam...', 332)
#1 [internal function]: ErrorHandler::handleError(1, 'Call to a membe...', 'D:\projetos\sam...', 332, Array)
#2 D:\projetos\samed\lib\Cake\Core\App.php(929): call_user_func('ErrorHandler::h...', 1, 'Call to a membe...', 'D:\projetos\sam...', 332, Array)
#3 D:\projetos\samed\lib\Cake\Core\App.php(902): App::_checkFatalError()
#4 [internal function]: App::shutdown()
#5 {main}
2026-01-31 05:20:48 Error: Fatal Error (1): Call to a member function findById() on a non-object in [D:\projetos\samed\app\Controller\ImportacaoNovaController.php, line 332]
2026-01-31 05:20:48 Error: [FatalErrorException] Call to a member function findById() on a non-object
Request URL: /samed/importacao_nova/status/1
Stack Trace:
#0 D:\projetos\samed\lib\Cake\Error\ErrorHandler.php(203): ErrorHandler::handleFatalError(1, 'Call to a membe...', 'D:\projetos\sam...', 332)
#1 [internal function]: ErrorHandler::handleError(1, 'Call to a membe...', 'D:\projetos\sam...', 332, Array)
#2 D:\projetos\samed\lib\Cake\Core\App.php(929): call_user_func('ErrorHandler::h...', 1, 'Call to a membe...', 'D:\projetos\sam...', 332, Array)
#3 D:\projetos\samed\lib\Cake\Core\App.php(902): App::_checkFatalError()
#4 [internal function]: App::shutdown()
#5 {main}
2026-01-31 05:20:50 Error: Fatal Error (1): Call to a member function findById() on a non-object in [D:\projetos\samed\app\Controller\ImportacaoNovaController.php, line 332]
2026-01-31 05:20:50 Error: [FatalErrorException] Call to a member function findById() on a non-object
Request URL: /samed/importacao_nova/status/1
Stack Trace:
#0 D:\projetos\samed\lib\Cake\Error\ErrorHandler.php(203): ErrorHandler::handleFatalError(1, 'Call to a membe...', 'D:\projetos\sam...', 332)
#1 [internal function]: ErrorHandler::handleError(1, 'Call to a membe...', 'D:\projetos\sam...', 332, Array)
#2 D:\projetos\samed\lib\Cake\Core\App.php(929): call_user_func('ErrorHandler::h...', 1, 'Call to a membe...', 'D:\projetos\sam...', 332, Array)
#3 D:\projetos\samed\lib\Cake\Core\App.php(902): App::_checkFatalError()
#4 [internal function]: App::shutdown()
#5 {main}
2026-01-31 05:22:58 Error: Fatal Error (4): syntax error, unexpected 'json_encode' (T_STRING), expecting ',' or ';' in [D:\projetos\samed\app\Controller\ImportacaoNovaController.php, line 334]
2026-01-31 05:22:58 Error: [FatalErrorException] syntax error, unexpected 'json_encode' (T_STRING), expecting ',' or ';'
Request URL: /samed/importacao_nova/status/1
Stack Trace:
#0 D:\projetos\samed\lib\Cake\Error\ErrorHandler.php(203): ErrorHandler::handleFatalError(4, 'syntax error, u...', 'D:\projetos\sam...', 334)
#1 [internal function]: ErrorHandler::handleError(4, 'syntax error, u...', 'D:\projetos\sam...', 334, Array)
#2 D:\projetos\samed\lib\Cake\Core\App.php(929): call_user_func('ErrorHandler::h...', 4, 'syntax error, u...', 'D:\projetos\sam...', 334, Array)
#3 D:\projetos\samed\lib\Cake\Core\App.php(902): App::_checkFatalError()
#4 [internal function]: App::shutdown()
#5 {main}
2026-02-02 02:13:33 Error: Fatal Error (1): Call to a member function success() on a non-object in [D:\projetos\samed\app\Controller\ImportacaoNovaController.php, line 373]
2026-02-02 02:13:33 Error: [FatalErrorException] Call to a member function success() on a non-object
Request URL: /samed/admin/importacao_nova/processar_arquivo/1
Stack Trace:
#0 D:\projetos\samed\lib\Cake\Error\ErrorHandler.php(203): ErrorHandler::handleFatalError(1, 'Call to a membe...', 'D:\projetos\sam...', 373)
#1 [internal function]: ErrorHandler::handleError(1, 'Call to a membe...', 'D:\projetos\sam...', 373, Array)
#2 D:\projetos\samed\lib\Cake\Core\App.php(929): call_user_func('ErrorHandler::h...', 1, 'Call to a membe...', 'D:\projetos\sam...', 373, Array)
#3 D:\projetos\samed\lib\Cake\Core\App.php(902): App::_checkFatalError()
#4 [internal function]: App::shutdown()
#5 {main}
2026-02-02 02:13:34 Error: [MissingControllerException] Controller class CssController could not be found.
Exception Attributes: array (
  'class' => 'CssController',
  'plugin' => NULL,
)
Request URL: /samed/css/font-awesome.min.css
Stack Trace:
#0 D:\projetos\samed\app\webroot\index.php(141): Dispatcher->dispatch(Object(CakeRequest), Object(CakeResponse))
#1 {main}
2026-02-02 02:13:34 Error: [MissingControllerException] Controller class CssController could not be found.
Exception Attributes: array (
  'class' => 'CssController',
  'plugin' => NULL,
)
Request URL: /samed/css/bootstrap.min.css
Stack Trace:
#0 D:\projetos\samed\app\webroot\index.php(141): Dispatcher->dispatch(Object(CakeRequest), Object(CakeResponse))
#1 {main}
2026-02-02 02:13:34 Error: [MissingControllerException] Controller class CssController could not be found.
Exception Attributes: array (
  'class' => 'CssController',
  'plugin' => NULL,
)
Request URL: /samed/css/smartadmin-production.css
Stack Trace:
#0 D:\projetos\samed\app\webroot\index.php(141): Dispatcher->dispatch(Object(CakeRequest), Object(CakeResponse))
#1 {main}
2026-02-02 02:13:34 Error: [MissingControllerException] Controller class CssController could not be found.
Exception Attributes: array (
  'class' => 'CssController',
  'plugin' => NULL,
)
Request URL: /samed/css/font-google.css
Stack Trace:
#0 D:\projetos\samed\app\webroot\index.php(141): Dispatcher->dispatch(Object(CakeRequest), Object(CakeResponse))
#1 {main}
2026-02-02 02:13:34 Error: [MissingControllerException] Controller class CssController could not be found.
Exception Attributes: array (
  'class' => 'CssController',
  'plugin' => NULL,
)
Request URL: /samed/css/smartadmin-skins.css
Stack Trace:
#0 D:\projetos\samed\app\webroot\index.php(141): Dispatcher->dispatch(Object(CakeRequest), Object(CakeResponse))
#1 {main}
2026-02-02 02:13:34 Error: [MissingControllerException] Controller class CssController could not be found.
Exception Attributes: array (
  'class' => 'CssController',
  'plugin' => NULL,
)
Request URL: /samed/css/demo.css
Stack Trace:
#0 D:\projetos\samed\app\webroot\index.php(141): Dispatcher->dispatch(Object(CakeRequest), Object(CakeResponse))
#1 {main}
2026-02-02 02:13:34 Error: [MissingControllerException] Controller class JsController could not be found.
Exception Attributes: array (
  'class' => 'JsController',
  'plugin' => NULL,
)
Request URL: /samed/js/plugin/pace/pace.min.js
Stack Trace:
#0 D:\projetos\samed\app\webroot\index.php(141): Dispatcher->dispatch(Object(CakeRequest), Object(CakeResponse))
#1 {main}
2026-02-02 02:13:34 Error: [MissingControllerException] Controller class JsController could not be found.
Exception Attributes: array (
  'class' => 'JsController',
  'plugin' => NULL,
)
Request URL: /samed/js/jquery.min.js
Stack Trace:
#0 D:\projetos\samed\app\webroot\index.php(141): Dispatcher->dispatch(Object(CakeRequest), Object(CakeResponse))
#1 {main}
2026-02-02 02:13:34 Error: [MissingControllerException] Controller class JsController could not be found.
Exception Attributes: array (
  'class' => 'JsController',
  'plugin' => NULL,
)
Request URL: /samed/js/jquery-ui.min.js
Stack Trace:
#0 D:\projetos\samed\app\webroot\index.php(141): Dispatcher->dispatch(Object(CakeRequest), Object(CakeResponse))
#1 {main}
2026-02-04 17:03:19 Error: Fatal Error (4): syntax error, unexpected ':', expecting ')' in [D:\projetos\samed\app\View\Elements\admin\header.ctp, line 17]
2026-02-04 17:03:19 Error: [FatalErrorException] syntax error, unexpected ':', expecting ')'
Request URL: /samed/admin/grupo_empresarial/selecione
Stack Trace:
#0 D:\projetos\samed\lib\Cake\Error\ErrorHandler.php(203): ErrorHandler::handleFatalError(4, 'syntax error, u...', 'D:\projetos\sam...', 17)
#1 [internal function]: ErrorHandler::handleError(4, 'syntax error, u...', 'D:\projetos\sam...', 17, Array)
#2 D:\projetos\samed\lib\Cake\Core\App.php(929): call_user_func('ErrorHandler::h...', 4, 'syntax error, u...', 'D:\projetos\sam...', 17, Array)
#3 D:\projetos\samed\lib\Cake\Core\App.php(902): App::_checkFatalError()
#4 [internal function]: App::shutdown()
#5 {main}
2026-02-04 17:03:19 Error: [MissingControllerException] Controller class CssController could not be found.
Exception Attributes: array (
  'class' => 'CssController',
  'plugin' => NULL,
)
Request URL: /samed/css/bootstrap.min.css
Stack Trace:
#0 D:\projetos\samed\app\webroot\index.php(141): Dispatcher->dispatch(Object(CakeRequest), Object(CakeResponse))
#1 {main}
2026-02-04 17:03:19 Error: [MissingControllerException] Controller class CssController could not be found.
Exception Attributes: array (
  'class' => 'CssController',
  'plugin' => NULL,
)
Request URL: /samed/css/demo.css
Stack Trace:
#0 D:\projetos\samed\app\webroot\index.php(141): Dispatcher->dispatch(Object(CakeRequest), Object(CakeResponse))
#1 {main}
2026-02-04 17:03:19 Error: [MissingControllerException] Controller class CssController could not be found.
Exception Attributes: array (
  'class' => 'CssController',
  'plugin' => NULL,
)
Request URL: /samed/css/smartadmin-skins.css
Stack Trace:
#0 D:\projetos\samed\app\webroot\index.php(141): Dispatcher->dispatch(Object(CakeRequest), Object(CakeResponse))
#1 {main}
2026-02-04 17:03:19 Error: [MissingControllerException] Controller class CssController could not be found.
Exception Attributes: array (
  'class' => 'CssController',
  'plugin' => NULL,
)
Request URL: /samed/css/font-awesome.min.css
Stack Trace:
#0 D:\projetos\samed\app\webroot\index.php(141): Dispatcher->dispatch(Object(CakeRequest), Object(CakeResponse))
#1 {main}
2026-02-04 17:03:19 Error: [MissingControllerException] Controller class JsController could not be found.
Exception Attributes: array (
  'class' => 'JsController',
  'plugin' => NULL,
)
Request URL: /samed/js/plugin/pace/pace.min.js
Stack Trace:
#0 D:\projetos\samed\app\webroot\index.php(141): Dispatcher->dispatch(Object(CakeRequest), Object(CakeResponse))
#1 {main}
2026-02-04 17:03:19 Error: [MissingControllerException] Controller class CssController could not be found.
Exception Attributes: array (
  'class' => 'CssController',
  'plugin' => NULL,
)
Request URL: /samed/css/font-google.css
Stack Trace:
#0 D:\projetos\samed\app\webroot\index.php(141): Dispatcher->dispatch(Object(CakeRequest), Object(CakeResponse))
#1 {main}
2026-02-04 17:03:19 Error: [MissingControllerException] Controller class CssController could not be found.
Exception Attributes: array (
  'class' => 'CssController',
  'plugin' => NULL,
)
Request URL: /samed/css/smartadmin-production.css
Stack Trace:
#0 D:\projetos\samed\app\webroot\index.php(141): Dispatcher->dispatch(Object(CakeRequest), Object(CakeResponse))
#1 {main}
2026-02-04 17:03:19 Error: [MissingControllerException] Controller class JsController could not be found.
Exception Attributes: array (
  'class' => 'JsController',
  'plugin' => NULL,
)
Request URL: /samed/js/jquery.min.js
Stack Trace:
#0 D:\projetos\samed\app\webroot\index.php(141): Dispatcher->dispatch(Object(CakeRequest), Object(CakeResponse))
#1 {main}
2026-02-04 17:03:19 Error: [MissingControllerException] Controller class JsController could not be found.
Exception Attributes: array (
  'class' => 'JsController',
  'plugin' => NULL,
)
Request URL: /samed/js/jquery-ui.min.js
Stack Trace:
#0 D:\projetos\samed\app\webroot\index.php(141): Dispatcher->dispatch(Object(CakeRequest), Object(CakeResponse))
#1 {main}
2026-02-04 17:03:20 Error: Fatal Error (4): syntax error, unexpected ':', expecting ')' in [D:\projetos\samed\app\View\Elements\admin\header.ctp, line 17]
2026-02-04 17:03:20 Error: [FatalErrorException] syntax error, unexpected ':', expecting ')'
Request URL: /samed/admin/grupo_empresarial/selecione
Stack Trace:
#0 D:\projetos\samed\lib\Cake\Error\ErrorHandler.php(203): ErrorHandler::handleFatalError(4, 'syntax error, u...', 'D:\projetos\sam...', 17)
#1 [internal function]: ErrorHandler::handleError(4, 'syntax error, u...', 'D:\projetos\sam...', 17, Array)
#2 D:\projetos\samed\lib\Cake\Core\App.php(929): call_user_func('ErrorHandler::h...', 4, 'syntax error, u...', 'D:\projetos\sam...', 17, Array)
#3 D:\projetos\samed\lib\Cake\Core\App.php(902): App::_checkFatalError()
#4 [internal function]: App::shutdown()
#5 {main}
2026-02-04 17:03:20 Error: Fatal Error (4): syntax error, unexpected ':', expecting ')' in [D:\projetos\samed\app\View\Elements\admin\header.ctp, line 17]
2026-02-04 17:03:20 Error: [FatalErrorException] syntax error, unexpected ':', expecting ')'
Request URL: /samed/admin/grupo_empresarial/selecione
Stack Trace:
#0 D:\projetos\samed\lib\Cake\Error\ErrorHandler.php(203): ErrorHandler::handleFatalError(4, 'syntax error, u...', 'D:\projetos\sam...', 17)
#1 [internal function]: ErrorHandler::handleError(4, 'syntax error, u...', 'D:\projetos\sam...', 17, Array)
#2 D:\projetos\samed\lib\Cake\Core\App.php(929): call_user_func('ErrorHandler::h...', 4, 'syntax error, u...', 'D:\projetos\sam...', 17, Array)
#3 D:\projetos\samed\lib\Cake\Core\App.php(902): App::_checkFatalError()
#4 [internal function]: App::shutdown()
#5 {main}
2026-02-04 17:03:20 Error: Fatal Error (4): syntax error, unexpected ':', expecting ')' in [D:\projetos\samed\app\View\Elements\admin\header.ctp, line 17]
2026-02-04 17:03:20 Error: [FatalErrorException] syntax error, unexpected ':', expecting ')'
Request URL: /samed/admin/grupo_empresarial/selecione
Stack Trace:
#0 D:\projetos\samed\lib\Cake\Error\ErrorHandler.php(203): ErrorHandler::handleFatalError(4, 'syntax error, u...', 'D:\projetos\sam...', 17)
#1 [internal function]: ErrorHandler::handleError(4, 'syntax error, u...', 'D:\projetos\sam...', 17, Array)
#2 D:\projetos\samed\lib\Cake\Core\App.php(929): call_user_func('ErrorHandler::h...', 4, 'syntax error, u...', 'D:\projetos\sam...', 17, Array)
#3 D:\projetos\samed\lib\Cake\Core\App.php(902): App::_checkFatalError()
#4 [internal function]: App::shutdown()
#5 {main}
2026-02-04 17:03:20 Error: Fatal Error (4): syntax error, unexpected ':', expecting ')' in [D:\projetos\samed\app\View\Elements\admin\header.ctp, line 17]
2026-02-04 17:03:20 Error: [FatalErrorException] syntax error, unexpected ':', expecting ')'
Request URL: /samed/admin/grupo_empresarial/selecione
Stack Trace:
#0 D:\projetos\samed\lib\Cake\Error\ErrorHandler.php(203): ErrorHandler::handleFatalError(4, 'syntax error, u...', 'D:\projetos\sam...', 17)
#1 [internal function]: ErrorHandler::handleError(4, 'syntax error, u...', 'D:\projetos\sam...', 17, Array)
#2 D:\projetos\samed\lib\Cake\Core\App.php(929): call_user_func('ErrorHandler::h...', 4, 'syntax error, u...', 'D:\projetos\sam...', 17, Array)
#3 D:\projetos\samed\lib\Cake\Core\App.php(902): App::_checkFatalError()
#4 [internal function]: App::shutdown()
#5 {main}
2026-02-04 17:03:20 Error: Fatal Error (4): syntax error, unexpected ':', expecting ')' in [D:\projetos\samed\app\View\Elements\admin\header.ctp, line 17]
2026-02-04 17:03:20 Error: [FatalErrorException] syntax error, unexpected ':', expecting ')'
Request URL: /samed/admin/grupo_empresarial/selecione
Stack Trace:
#0 D:\projetos\samed\lib\Cake\Error\ErrorHandler.php(203): ErrorHandler::handleFatalError(4, 'syntax error, u...', 'D:\projetos\sam...', 17)
#1 [internal function]: ErrorHandler::handleError(4, 'syntax error, u...', 'D:\projetos\sam...', 17, Array)
#2 D:\projetos\samed\lib\Cake\Core\App.php(929): call_user_func('ErrorHandler::h...', 4, 'syntax error, u...', 'D:\projetos\sam...', 17, Array)
#3 D:\projetos\samed\lib\Cake\Core\App.php(902): App::_checkFatalError()
#4 [internal function]: App::shutdown()
#5 {main}
2026-02-04 17:03:21 Error: Fatal Error (4): syntax error, unexpected ':', expecting ')' in [D:\projetos\samed\app\View\Elements\admin\header.ctp, line 17]
2026-02-04 17:03:21 Error: [FatalErrorException] syntax error, unexpected ':', expecting ')'
Request URL: /samed/admin/grupo_empresarial/selecione
Stack Trace:
#0 D:\projetos\samed\lib\Cake\Error\ErrorHandler.php(203): ErrorHandler::handleFatalError(4, 'syntax error, u...', 'D:\projetos\sam...', 17)
#1 [internal function]: ErrorHandler::handleError(4, 'syntax error, u...', 'D:\projetos\sam...', 17, Array)
#2 D:\projetos\samed\lib\Cake\Core\App.php(929): call_user_func('ErrorHandler::h...', 4, 'syntax error, u...', 'D:\projetos\sam...', 17, Array)
#3 D:\projetos\samed\lib\Cake\Core\App.php(902): App::_checkFatalError()
#4 [internal function]: App::shutdown()
#5 {main}
2026-02-04 17:14:30 Error: [MissingActionException] Action GrupoEmpresarialController::admin_sound() could not be found.
Exception Attributes: array (
  'controller' => 'GrupoEmpresarialController',
  'action' => 'admin_sound',
)
Request URL: /samed/admin/grupo_empresarial/sound/messagebox.mp3
Stack Trace:
#0 D:\projetos\samed\lib\Cake\Routing\Dispatcher.php(185): Controller->invokeAction(Object(CakeRequest))
#1 D:\projetos\samed\lib\Cake\Routing\Dispatcher.php(160): Dispatcher->_invoke(Object(GrupoEmpresarialController), Object(CakeRequest), Object(CakeResponse))
#2 D:\projetos\samed\app\webroot\index.php(141): Dispatcher->dispatch(Object(CakeRequest), Object(CakeResponse))
#3 {main}
2026-02-04 22:34:21 Error: [MissingControllerException] Controller class SoundController could not be found.
Exception Attributes: array (
  'class' => 'SoundController',
  'plugin' => NULL,
)
Request URL: /samed/admin/sound/messagebox.mp3
Stack Trace:
#0 D:\projetos\samed\app\webroot\index.php(141): Dispatcher->dispatch(Object(CakeRequest), Object(CakeResponse))
#1 {main}
2026-02-06 00:56:55 Error: [MissingControllerException] Controller class ImgController could not be found.
Exception Attributes: array (
  'class' => 'ImgController',
  'plugin' => NULL,
)
Request URL: /samed/img/bg_acess.jpg
Stack Trace:
#0 D:\projetos\samed\app\webroot\index.php(141): Dispatcher->dispatch(Object(CakeRequest), Object(CakeResponse))
#1 {main}
2026-02-06 00:56:55 Error: [MissingControllerException] Controller class ImgController could not be found.
Exception Attributes: array (
  'class' => 'ImgController',
  'plugin' => NULL,
)
Request URL: /samed/img/bg_aces.jpg
Stack Trace:
#0 D:\projetos\samed\app\webroot\index.php(141): Dispatcher->dispatch(Object(CakeRequest), Object(CakeResponse))
#1 {main}
2026-02-06 00:56:55 Error: [MissingControllerException] Controller class ImgController could not be found.
Exception Attributes: array (
  'class' => 'ImgController',
  'plugin' => NULL,
)
Request URL: /samed/img/bg_ace.jpg
Stack Trace:
#0 D:\projetos\samed\app\webroot\index.php(141): Dispatcher->dispatch(Object(CakeRequest), Object(CakeResponse))
#1 {main}
2026-02-06 00:56:56 Error: [MissingControllerException] Controller class ImgController could not be found.
Exception Attributes: array (
  'class' => 'ImgController',
  'plugin' => NULL,
)
Request URL: /samed/img/bg_ac.jpg
Stack Trace:
#0 D:\projetos\samed\app\webroot\index.php(141): Dispatcher->dispatch(Object(CakeRequest), Object(CakeResponse))
#1 {main}
2026-02-06 00:56:56 Error: [MissingControllerException] Controller class ImgController could not be found.
Exception Attributes: array (
  'class' => 'ImgController',
  'plugin' => NULL,
)
Request URL: /samed/img/bg_a.jpg
Stack Trace:
#0 D:\projetos\samed\app\webroot\index.php(141): Dispatcher->dispatch(Object(CakeRequest), Object(CakeResponse))
#1 {main}
2026-02-06 00:56:56 Error: [MissingControllerException] Controller class ImgController could not be found.
Exception Attributes: array (
  'class' => 'ImgController',
  'plugin' => NULL,
)
Request URL: /samed/img/bg_.jpg
Stack Trace:
#0 D:\projetos\samed\app\webroot\index.php(141): Dispatcher->dispatch(Object(CakeRequest), Object(CakeResponse))
#1 {main}
2026-02-06 00:56:56 Error: [MissingControllerException] Controller class ImgController could not be found.
Exception Attributes: array (
  'class' => 'ImgController',
  'plugin' => NULL,
)
Request URL: /samed/img/bg_s.jpg
Stack Trace:
#0 D:\projetos\samed\app\webroot\index.php(141): Dispatcher->dispatch(Object(CakeRequest), Object(CakeResponse))
#1 {main}
2026-02-06 00:56:56 Error: [MissingControllerException] Controller class ImgController could not be found.
Exception Attributes: array (
  'class' => 'ImgController',
  'plugin' => NULL,
)
Request URL: /samed/img/bg_sa.jpg
Stack Trace:
#0 D:\projetos\samed\app\webroot\index.php(141): Dispatcher->dispatch(Object(CakeRequest), Object(CakeResponse))
#1 {main}
2026-02-06 00:56:57 Error: [MissingControllerException] Controller class ImgController could not be found.
Exception Attributes: array (
  'class' => 'ImgController',
  'plugin' => NULL,
)
Request URL: /samed/img/bg_sam.jpg
Stack Trace:
#0 D:\projetos\samed\app\webroot\index.php(141): Dispatcher->dispatch(Object(CakeRequest), Object(CakeResponse))
#1 {main}
2026-02-06 00:56:57 Error: [MissingControllerException] Controller class ImgController could not be found.
Exception Attributes: array (
  'class' => 'ImgController',
  'plugin' => NULL,
)
Request URL: /samed/img/bg_same.jpg
Stack Trace:
#0 D:\projetos\samed\app\webroot\index.php(141): Dispatcher->dispatch(Object(CakeRequest), Object(CakeResponse))
#1 {main}
2026-04-08 02:56:04 Error: [MissingControllerException] Controller class SoundController could not be found.
Exception Attributes: array (
  'class' => 'SoundController',
  'plugin' => NULL,
)
Request URL: /samed/admin/sound/messagebox.mp3
Stack Trace:
#0 D:\projetos\samed\app\webroot\index.php(141): Dispatcher->dispatch(Object(CakeRequest), Object(CakeResponse))
#1 {main}
2026-04-15 22:26:38 Error: [MissingConnectionException] Database connection "Mysql" is missing, or could not be created.
Exception Attributes: array (
  'class' => 'Mysql',
  'message' => 'SQLSTATE[HY000] [2002] Nenhuma conexão pôde ser feita porque a máquina de destino as recusou ativamente.
',
  'enabled' => true,
)
Request URL: /samed/
Stack Trace:
#0 D:\projetos\samed\lib\Cake\Model\Datasource\DboSource.php(260): Mysql->connect()
#1 D:\projetos\samed\lib\Cake\Model\ConnectionManager.php(105): DboSource->__construct(Array)
#2 D:\projetos\samed\lib\Cake\Model\Model.php(3477): ConnectionManager::getDataSource('default')
#3 D:\projetos\samed\lib\Cake\Model\Model.php(1126): Model->setDataSource('default')
#4 D:\projetos\samed\lib\Cake\Model\Model.php(3499): Model->setSource('grupo_empresari...')
#5 D:\projetos\samed\lib\Cake\Model\Model.php(2903): Model->getDataSource()
#6 D:\projetos\samed\lib\Cake\Model\Model.php(2875): Model->_readDataSource('first', Array)
#7 D:\projetos\samed\app\Controller\AppController.php(676): Model->find('first', Array)
#8 D:\projetos\samed\app\Controller\UsuarioController.php(29): AppController->beforeFilter()
#9 [internal function]: UsuarioController->beforeFilter(Object(CakeEvent))
#10 D:\projetos\samed\lib\Cake\Event\CakeEventManager.php(247): call_user_func(Array, Object(CakeEvent))
#11 D:\projetos\samed\lib\Cake\Controller\Controller.php(672): CakeEventManager->dispatch(Object(CakeEvent))
#12 D:\projetos\samed\lib\Cake\Routing\Dispatcher.php(182): Controller->startupProcess()
#13 D:\projetos\samed\lib\Cake\Routing\Dispatcher.php(160): Dispatcher->_invoke(Object(UsuarioController), Object(CakeRequest), Object(CakeResponse))
#14 D:\projetos\samed\app\webroot\index.php(141): Dispatcher->dispatch(Object(CakeRequest), Object(CakeResponse))
#15 {main}
2026-04-15 22:26:43 Error: [MissingControllerException] Controller class JsController could not be found.
Exception Attributes: array (
  'class' => 'JsController',
  'plugin' => NULL,
)
Request URL: /samed/js/foundation.min.js
Stack Trace:
#0 D:\projetos\samed\app\webroot\index.php(141): Dispatcher->dispatch(Object(CakeRequest), Object(CakeResponse))
#1 {main}
2026-04-15 22:26:44 Error: [MissingControllerException] Controller class JsController could not be found.
Exception Attributes: array (
  'class' => 'JsController',
  'plugin' => NULL,
)
Request URL: /samed/js/foundation.min.js
Stack Trace:
#0 D:\projetos\samed\app\webroot\index.php(141): Dispatcher->dispatch(Object(CakeRequest), Object(CakeResponse))
#1 {main}
2026-04-16 23:29:42 Error: [MissingActionException] Action ClienteController::admin_desligamento() could not be found.
Exception Attributes: array (
  'controller' => 'ClienteController',
  'action' => 'admin_desligamento',
)
Request URL: /samed/admin/cliente/desligamento/1
Stack Trace:
#0 D:\projetos\samed\lib\Cake\Routing\Dispatcher.php(185): Controller->invokeAction(Object(CakeRequest))
#1 D:\projetos\samed\lib\Cake\Routing\Dispatcher.php(160): Dispatcher->_invoke(Object(ClienteController), Object(CakeRequest), Object(CakeResponse))
#2 D:\projetos\samed\app\webroot\index.php(141): Dispatcher->dispatch(Object(CakeRequest), Object(CakeResponse))
#3 {main}
2026-04-16 23:29:43 Error: [MissingControllerException] Controller class CssController could not be found.
Exception Attributes: array (
  'class' => 'CssController',
  'plugin' => NULL,
)
Request URL: /samed/css/bootstrap.min.css
Stack Trace:
#0 D:\projetos\samed\app\webroot\index.php(141): Dispatcher->dispatch(Object(CakeRequest), Object(CakeResponse))
#1 {main}
2026-04-16 23:29:43 Error: [MissingControllerException] Controller class CssController could not be found.
Exception Attributes: array (
  'class' => 'CssController',
  'plugin' => NULL,
)
Request URL: /samed/css/font-awesome.min.css
Stack Trace:
#0 D:\projetos\samed\app\webroot\index.php(141): Dispatcher->dispatch(Object(CakeRequest), Object(CakeResponse))
#1 {main}
2026-04-16 23:29:43 Error: [MissingControllerException] Controller class CssController could not be found.
Exception Attributes: array (
  'class' => 'CssController',
  'plugin' => NULL,
)
Request URL: /samed/css/smartadmin-skins.css
Stack Trace:
#0 D:\projetos\samed\app\webroot\index.php(141): Dispatcher->dispatch(Object(CakeRequest), Object(CakeResponse))
#1 {main}
2026-04-16 23:29:43 Error: [MissingControllerException] Controller class CssController could not be found.
Exception Attributes: array (
  'class' => 'CssController',
  'plugin' => NULL,
)
Request URL: /samed/css/smartadmin-production.css
Stack Trace:
#0 D:\projetos\samed\app\webroot\index.php(141): Dispatcher->dispatch(Object(CakeRequest), Object(CakeResponse))
#1 {main}
2026-04-16 23:29:43 Error: [MissingControllerException] Controller class CssController could not be found.
Exception Attributes: array (
  'class' => 'CssController',
  'plugin' => NULL,
)
Request URL: /samed/css/font-google.css
Stack Trace:
#0 D:\projetos\samed\app\webroot\index.php(141): Dispatcher->dispatch(Object(CakeRequest), Object(CakeResponse))
#1 {main}
2026-04-16 23:29:43 Error: [MissingControllerException] Controller class CssController could not be found.
Exception Attributes: array (
  'class' => 'CssController',
  'plugin' => NULL,
)
Request URL: /samed/css/demo.css
Stack Trace:
#0 D:\projetos\samed\app\webroot\index.php(141): Dispatcher->dispatch(Object(CakeRequest), Object(CakeResponse))
#1 {main}
2026-04-16 23:29:43 Error: [MissingControllerException] Controller class JsController could not be found.
Exception Attributes: array (
  'class' => 'JsController',
  'plugin' => NULL,
)
Request URL: /samed/js/plugin/pace/pace.min.js
Stack Trace:
#0 D:\projetos\samed\app\webroot\index.php(141): Dispatcher->dispatch(Object(CakeRequest), Object(CakeResponse))
#1 {main}
2026-04-16 23:29:43 Error: [MissingControllerException] Controller class JsController could not be found.
Exception Attributes: array (
  'class' => 'JsController',
  'plugin' => NULL,
)
Request URL: /samed/js/jquery.min.js
Stack Trace:
#0 D:\projetos\samed\app\webroot\index.php(141): Dispatcher->dispatch(Object(CakeRequest), Object(CakeResponse))
#1 {main}
2026-04-16 23:29:43 Error: [MissingControllerException] Controller class JsController could not be found.
Exception Attributes: array (
  'class' => 'JsController',
  'plugin' => NULL,
)
Request URL: /samed/js/jquery-ui.min.js
Stack Trace:
#0 D:\projetos\samed\app\webroot\index.php(141): Dispatcher->dispatch(Object(CakeRequest), Object(CakeResponse))
#1 {main}
2026-04-16 23:29:43 Error: [MissingControllerException] Controller class JsController could not be found.
Exception Attributes: array (
  'class' => 'JsController',
  'plugin' => NULL,
)
Request URL: /samed/js/jquery.min.js
Stack Trace:
#0 D:\projetos\samed\app\webroot\index.php(141): Dispatcher->dispatch(Object(CakeRequest), Object(CakeResponse))
#1 {main}
2026-04-16 23:29:43 Error: [MissingControllerException] Controller class JsController could not be found.
Exception Attributes: array (
  'class' => 'JsController',
  'plugin' => NULL,
)
Request URL: /samed/js/jquery-ui.min.js
Stack Trace:
#0 D:\projetos\samed\app\webroot\index.php(141): Dispatcher->dispatch(Object(CakeRequest), Object(CakeResponse))
#1 {main}
2026-04-16 23:29:43 Error: [MissingControllerException] Controller class JsController could not be found.
Exception Attributes: array (
  'class' => 'JsController',
  'plugin' => NULL,
)
Request URL: /samed/js/plugin/pace/pace.min.js
Stack Trace:
#0 D:\projetos\samed\app\webroot\index.php(141): Dispatcher->dispatch(Object(CakeRequest), Object(CakeResponse))
#1 {main}
2026-04-16 23:30:50 Error: [PDOException] SQLSTATE[23000]: Integrity constraint violation: 1052 Column 'cliente_id' in where clause is ambiguous
Request URL: /samed/admin/cliente/desligamento/1
Stack Trace:
#0 D:\projetos\samed\lib\Cake\Model\Datasource\DboSource.php(458): PDOStatement->execute(Array)
#1 D:\projetos\samed\lib\Cake\Model\Datasource\DboSource.php(424): DboSource->_execute('SELECT `Benefic...', Array)
#2 D:\projetos\samed\lib\Cake\Model\Datasource\DboSource.php(665): DboSource->execute('SELECT `Benefic...', Array, Array)
#3 D:\projetos\samed\lib\Cake\Model\Datasource\DboSource.php(1077): DboSource->fetchAll('SELECT `Benefic...', false)
#4 D:\projetos\samed\lib\Cake\Model\Model.php(2903): DboSource->read(Object(Beneficiario), Array)
#5 D:\projetos\samed\lib\Cake\Model\Model.php(2875): Model->_readDataSource('all', Array)
#6 D:\projetos\samed\app\Controller\ClienteController.php(339): Model->find('all', Array)
#7 [internal function]: ClienteController->admin_desligamento('1')
#8 D:\projetos\samed\lib\Cake\Controller\Controller.php(490): ReflectionMethod->invokeArgs(Object(ClienteController), Array)
#9 D:\projetos\samed\lib\Cake\Routing\Dispatcher.php(185): Controller->invokeAction(Object(CakeRequest))
#10 D:\projetos\samed\lib\Cake\Routing\Dispatcher.php(160): Dispatcher->_invoke(Object(ClienteController), Object(CakeRequest), Object(CakeResponse))
#11 D:\projetos\samed\app\webroot\index.php(141): Dispatcher->dispatch(Object(CakeRequest), Object(CakeResponse))
#12 {main}
2026-04-16 23:30:50 Error: [MissingControllerException] Controller class CssController could not be found.
Exception Attributes: array (
  'class' => 'CssController',
  'plugin' => NULL,
)
Request URL: /samed/css/bootstrap.min.css
Stack Trace:
#0 D:\projetos\samed\app\webroot\index.php(141): Dispatcher->dispatch(Object(CakeRequest), Object(CakeResponse))
#1 {main}
2026-04-16 23:30:50 Error: [MissingControllerException] Controller class CssController could not be found.
Exception Attributes: array (
  'class' => 'CssController',
  'plugin' => NULL,
)
Request URL: /samed/css/font-awesome.min.css
Stack Trace:
#0 D:\projetos\samed\app\webroot\index.php(141): Dispatcher->dispatch(Object(CakeRequest), Object(CakeResponse))
#1 {main}
2026-04-16 23:30:50 Error: [MissingControllerException] Controller class CssController could not be found.
Exception Attributes: array (
  'class' => 'CssController',
  'plugin' => NULL,
)
Request URL: /samed/css/smartadmin-skins.css
Stack Trace:
#0 D:\projetos\samed\app\webroot\index.php(141): Dispatcher->dispatch(Object(CakeRequest), Object(CakeResponse))
#1 {main}
2026-04-16 23:30:50 Error: [MissingControllerException] Controller class CssController could not be found.
Exception Attributes: array (
  'class' => 'CssController',
  'plugin' => NULL,
)
Request URL: /samed/css/smartadmin-production.css
Stack Trace:
#0 D:\projetos\samed\app\webroot\index.php(141): Dispatcher->dispatch(Object(CakeRequest), Object(CakeResponse))
#1 {main}
2026-04-16 23:30:50 Error: [MissingControllerException] Controller class CssController could not be found.
Exception Attributes: array (
  'class' => 'CssController',
  'plugin' => NULL,
)
Request URL: /samed/css/demo.css
Stack Trace:
#0 D:\projetos\samed\app\webroot\index.php(141): Dispatcher->dispatch(Object(CakeRequest), Object(CakeResponse))
#1 {main}
{main}
2026-04-16 23:30:50 Error: [MissingControllerException] Controller class JsController could not be found.
Exception Attributes: array (
  'class' => 'JsController',
  'plugin' => NULL,
)
Request URL: /samed/js/plugin/pace/pace.min.js
Stack Trace:
#0 D:\projetos\samed\app\webroot\index.php(141): Dispatcher->dispatch(Object(CakeRequest), Object(CakeResponse))
#1 {main}
2026-04-16 23:30:50 Error: [MissingControllerException] Controller class JsController could not be found.
Exception Attributes: array (
  'class' => 'JsController',
  'plugin' => NULL,
)
Request URL: /samed/js/jquery.min.js
Stack Trace:
#0 D:\projetos\samed\app\webroot\index.php(141): Dispatcher->dispatch(Object(CakeRequest), Object(CakeResponse))
#1 {main}
2026-04-16 23:30:50 Error: [MissingControllerException] Controller class JsController could not be found.
Exception Attributes: array (
  'class' => 'JsController',
  'plugin' => NULL,
)
Request URL: /samed/js/jquery-ui.min.js
Stack Trace:
#0 D:\projetos\samed\app\webroot\index.php(141): Dispatcher->dispatch(Object(CakeRequest), Object(CakeResponse))
#1 {main}
2026-04-16 23:30:50 Error: [MissingControllerException] Controller class JsController could not be found.
Exception Attributes: array (
  'class' => 'JsController',
  'plugin' => NULL,
)
Request URL: /samed/js/plugin/pace/pace.min.js
Stack Trace:
#0 D:\projetos\samed\app\webroot\index.php(141): Dispatcher->dispatch(Object(CakeRequest), Object(CakeResponse))
#1 {main}
2026-04-16 23:30:50 Error: [MissingControllerException] Controller class JsController could not be found.
Exception Attributes: array (
  'class' => 'JsController',
  'plugin' => NULL,
)
Request URL: /samed/js/jquery.min.js
Stack Trace:
#0 D:\projetos\samed\app\webroot\index.php(141): Dispatcher->dispatch(Object(CakeRequest), Object(CakeResponse))
#1 {main}
2026-04-16 23:30:50 Error: [MissingControllerException] Controller class JsController could not be found.
Exception Attributes: array (
  'class' => 'JsController',
  'plugin' => NULL,
)
Request URL: /samed/js/jquery-ui.min.js
Stack Trace:
#0 D:\projetos\samed\app\webroot\index.php(141): Dispatcher->dispatch(Object(CakeRequest), Object(CakeResponse))
#1 {main}
2026-04-19 14:36:26 Error: [MissingTableException] Table cliente_desligamentos for model ClienteDesligamento was not found in datasource default.
Exception Attributes: array (
  'table' => 'cliente_desligamentos',
  'class' => 'ClienteDesligamento',
  'ds' => 'default',
)
Request URL: /samed/admin/cliente/desligamento
Stack Trace:
#0 D:\projetos\samed\lib\Cake\Model\Model.php(3499): Model->setSource('cliente_desliga...')
#1 D:\projetos\samed\lib\Cake\Model\Model.php(1355): Model->getDataSource()
#2 D:\projetos\samed\lib\Cake\Model\Model.php(1539): Model->schema()
#3 D:\projetos\samed\app\Controller\ClienteController.php(546): Model->create()
#4 [internal function]: ClienteController->admin_desligamento()
#5 D:\projetos\samed\lib\Cake\Controller\Controller.php(490): ReflectionMethod->invokeArgs(Object(ClienteController), Array)
#6 D:\projetos\samed\lib\Cake\Routing\Dispatcher.php(185): Controller->invokeAction(Object(CakeRequest))
#7 D:\projetos\samed\lib\Cake\Routing\Dispatcher.php(160): Dispatcher->_invoke(Object(ClienteController), Object(CakeRequest), Object(CakeResponse))
#8 D:\projetos\samed\app\webroot\index.php(141): Dispatcher->dispatch(Object(CakeRequest), Object(CakeResponse))
#9 {main}
2026-04-19 14:36:26 Error: [MissingControllerException] Controller class CssController could not be found.
Exception Attributes: array (
  'class' => 'CssController',
  'plugin' => NULL,
)
Request URL: /samed/css/font-awesome.min.css
Stack Trace:
#0 D:\projetos\samed\app\webroot\index.php(141): Dispatcher->dispatch(Object(CakeRequest), Object(CakeResponse))
#1 {main}
2026-04-19 14:36:26 Error: [MissingControllerException] Controller class CssController could not be found.
Exception Attributes: array (
  'class' => 'CssController',
  'plugin' => NULL,
)
Request URL: /samed/css/smartadmin-production.css
Stack Trace:
#0 D:\projetos\samed\app\webroot\index.php(141): Dispatcher->dispatch(Object(CakeRequest), Object(CakeResponse))
#1 {main}
2026-04-19 14:36:26 Error: [MissingControllerException] Controller class CssController could not be found.
Exception Attributes: array (
  'class' => 'CssController',
  'plugin' => NULL,
)
Request URL: /samed/css/demo.css
Stack Trace:
#0 D:\projetos\samed\app\webroot\index.php(141): Dispatcher->dispatch(Object(CakeRequest), Object(CakeResponse))
#1 {main}
2026-04-19 14:36:26 Error: [MissingControllerException] Controller class CssController could not be found.
Exception Attributes: array (
  'class' => 'CssController',
  'plugin' => NULL,
)
Request URL: /samed/css/bootstrap.min.css
Stack Trace:
#0 D:\projetos\samed\app\webroot\index.php(141): Dispatcher->dispatch(Object(CakeRequest), Object(CakeResponse))
#1 {main}
2026-04-19 14:36:26 Error: [MissingControllerException] Controller class CssController could not be found.
Exception Attributes: array (
  'class' => 'CssController',
  'plugin' => NULL,
)
Request URL: /samed/css/smartadmin-skins.css
Stack Trace:
#0 D:\projetos\samed\app\webroot\index.php(141): Dispatcher->dispatch(Object(CakeRequest), Object(CakeResponse))
#1 {main}
2026-04-19 14:36:26 Error: [MissingControllerException] Controller class CssController could not be found.
Exception Attributes: array (
  'class' => 'CssController',
  'plugin' => NULL,
)
Request URL: /samed/css/font-google.css
Stack Trace:
#0 D:\projetos\samed\app\webroot\index.php(141): Dispatcher->dispatch(Object(CakeRequest), Object(CakeResponse))
#1 {main}
2026-04-19 14:36:27 Error: [MissingControllerException] Controller class JsController could not be found.
Exception Attributes: array (
  'class' => 'JsController',
  'plugin' => NULL,
)
Request URL: /samed/js/plugin/pace/pace.min.js
Stack Trace:
#0 D:\projetos\samed\app\webroot\index.php(141): Dispatcher->dispatch(Object(CakeRequest), Object(CakeResponse))
#1 {main}
2026-04-19 14:36:27 Error: [MissingControllerException] Controller class JsController could not be found.
Exception Attributes: array (
  'class' => 'JsController',
  'plugin' => NULL,
)
Request URL: /samed/js/jquery.min.js
Stack Trace:
#0 D:\projetos\samed\app\webroot\index.php(141): Dispatcher->dispatch(Object(CakeRequest), Object(CakeResponse))
#1 {main}
2026-04-19 14:36:27 Error: [MissingControllerException] Controller class JsController could not be found.
Exception Attributes: array (
  'class' => 'JsController',
  'plugin' => NULL,
)
Request URL: /samed/js/jquery-ui.min.js
Stack Trace:
#0 D:\projetos\samed\app\webroot\index.php(141): Dispatcher->dispatch(Object(CakeRequest), Object(CakeResponse))
#1 {main}
2026-04-19 14:36:28 Error: [MissingControllerException] Controller class JsController could not be found.
Exception Attributes: array (
  'class' => 'JsController',
  'plugin' => NULL,
)
Request URL: /samed/js/plugin/pace/pace.min.js
Stack Trace:
#0 D:\projetos\samed\app\webroot\index.php(141): Dispatcher->dispatch(Object(CakeRequest), Object(CakeResponse))
#1 {main}
2026-04-19 14:36:28 Error: [MissingControllerException] Controller class JsController could not be found.
Exception Attributes: array (
  'class' => 'JsController',
  'plugin' => NULL,
)
Request URL: /samed/js/jquery.min.js
Stack Trace:
#0 D:\projetos\samed\app\webroot\index.php(141): Dispatcher->dispatch(Object(CakeRequest), Object(CakeResponse))
#1 {main}
2026-04-19 14:36:28 Error: [MissingControllerException] Controller class JsController could not be found.
Exception Attributes: array (
  'class' => 'JsController',
  'plugin' => NULL,
)
Request URL: /samed/js/jquery-ui.min.js
Stack Trace:
#0 D:\projetos\samed\app\webroot\index.php(141): Dispatcher->dispatch(Object(CakeRequest), Object(CakeResponse))
#1 {main}
2026-04-19 14:41:08 Error: [MissingTableException] Table cliente_desligamentos for model ClienteDesligamento was not found in datasource default.
Exception Attributes: array (
  'table' => 'cliente_desligamentos',
  'class' => 'ClienteDesligamento',
  'ds' => 'default',
)
Request URL: /samed/admin/cliente/desligamento
Stack Trace:
#0 D:\projetos\samed\lib\Cake\Model\Model.php(3499): Model->setSource('cliente_desliga...')
#1 D:\projetos\samed\lib\Cake\Model\Model.php(1355): Model->getDataSource()
#2 D:\projetos\samed\lib\Cake\Model\Model.php(1539): Model->schema()
#3 D:\projetos\samed\app\Controller\ClienteController.php(549): Model->create()
#4 [internal function]: ClienteController->admin_desligamento()
#5 D:\projetos\samed\lib\Cake\Controller\Controller.php(490): ReflectionMethod->invokeArgs(Object(ClienteController), Array)
#6 D:\projetos\samed\lib\Cake\Routing\Dispatcher.php(185): Controller->invokeAction(Object(CakeRequest))
#7 D:\projetos\samed\lib\Cake\Routing\Dispatcher.php(160): Dispatcher->_invoke(Object(ClienteController), Object(CakeRequest), Object(CakeResponse))
#8 D:\projetos\samed\app\webroot\index.php(141): Dispatcher->dispatch(Object(CakeRequest), Object(CakeResponse))
#9 {main}
2026-04-19 14:41:09 Error: [MissingControllerException] Controller class CssController could not be found.
Exception Attributes: array (
  'class' => 'CssController',
  'plugin' => NULL,
)
Request URL: /samed/css/smartadmin-skins.css
Stack Trace:
#0 D:\projetos\samed\app\webroot\index.php(141): Dispatcher->dispatch(Object(CakeRequest), Object(CakeResponse))
#1 {main}
2026-04-19 14:41:09 Error: [MissingControllerException] Controller class CssController could not be found.
Exception Attributes: array (
  'class' => 'CssController',
  'plugin' => NULL,
)
Request URL: /samed/css/demo.css
Stack Trace:
#0 D:\projetos\samed\app\webroot\index.php(141): Dispatcher->dispatch(Object(CakeRequest), Object(CakeResponse))
#1 {main}
2026-04-19 14:41:09 Error: [MissingControllerException] Controller class CssController could not be found.
Exception Attributes: array (
  'class' => 'CssController',
  'plugin' => NULL,
)
Request URL: /samed/css/font-google.css
Stack Trace:
#0 D:\projetos\samed\app\webroot\index.php(141): Dispatcher->dispatch(Object(CakeRequest), Object(CakeResponse))
#1 {main}
2026-04-19 14:41:09 Error: [MissingControllerException] Controller class CssController could not be found.
Exception Attributes: array (
  'class' => 'CssController',
  'plugin' => NULL,
)
Request URL: /samed/css/smartadmin-production.css
Stack Trace:
#0 D:\projetos\samed\app\webroot\index.php(141): Dispatcher->dispatch(Object(CakeRequest), Object(CakeResponse))
#1 {main}
2026-04-19 14:41:09 Error: [MissingControllerException] Controller class CssController could not be found.
Exception Attributes: array (
  'class' => 'CssController',
  'plugin' => NULL,
)
Request URL: /samed/css/font-awesome.min.css
Stack Trace:
#0 D:\projetos\samed\app\webroot\index.php(141): Dispatcher->dispatch(Object(CakeRequest), Object(CakeResponse))
#1 {main}
2026-04-19 14:41:09 Error: [MissingControllerException] Controller class CssController could not be found.
Exception Attributes: array (
  'class' => 'CssController',
  'plugin' => NULL,
)
Request URL: /samed/css/bootstrap.min.css
Stack Trace:
#0 D:\projetos\samed\app\webroot\index.php(141): Dispatcher->dispatch(Object(CakeRequest), Object(CakeResponse))
#1 {main}
2026-04-19 14:41:09 Error: [MissingControllerException] Controller class JsController could not be found.
Exception Attributes: array (
  'class' => 'JsController',
  'plugin' => NULL,
)
Request URL: /samed/js/plugin/pace/pace.min.js
Stack Trace:
#0 D:\projetos\samed\app\webroot\index.php(141): Dispatcher->dispatch(Object(CakeRequest), Object(CakeResponse))
#1 {main}
2026-04-19 14:41:09 Error: [MissingControllerException] Controller class JsController could not be found.
Exception Attributes: array (
  'class' => 'JsController',
  'plugin' => NULL,
)
Request URL: /samed/js/jquery.min.js
Stack Trace:
#0 D:\projetos\samed\app\webroot\index.php(141): Dispatcher->dispatch(Object(CakeRequest), Object(CakeResponse))
#1 {main}
2026-04-19 14:41:09 Error: [MissingControllerException] Controller class JsController could not be found.
Exception Attributes: array (
  'class' => 'JsController',
  'plugin' => NULL,
)
Request URL: /samed/js/jquery-ui.min.js
Stack Trace:
#0 D:\projetos\samed\app\webroot\index.php(141): Dispatcher->dispatch(Object(CakeRequest), Object(CakeResponse))
#1 {main}
2026-04-19 14:41:10 Error: [MissingControllerException] Controller class JsController could not be found.
Exception Attributes: array (
  'class' => 'JsController',
  'plugin' => NULL,
)
Request URL: /samed/js/jquery-ui.min.js
Stack Trace:
#0 D:\projetos\samed\app\webroot\index.php(141): Dispatcher->dispatch(Object(CakeRequest), Object(CakeResponse))
#1 {main}
2026-04-19 14:41:10 Error: [MissingControllerException] Controller class JsController could not be found.
Exception Attributes: array (
  'class' => 'JsController',
  'plugin' => NULL,
)
Request URL: /samed/js/plugin/pace/pace.min.js
Stack Trace:
#0 D:\projetos\samed\app\webroot\index.php(141): Dispatcher->dispatch(Object(CakeRequest), Object(CakeResponse))
#1 {main}
2026-04-19 14:41:10 Error: [MissingControllerException] Controller class JsController could not be found.
Exception Attributes: array (
  'class' => 'JsController',
  'plugin' => NULL,
)
Request URL: /samed/js/jquery.min.js
Stack Trace:
#0 D:\projetos\samed\app\webroot\index.php(141): Dispatcher->dispatch(Object(CakeRequest), Object(CakeResponse))
#1 {main}
2026-06-07 22:29:50 Error: [MissingActionException] Action AgendamentoController::admin_all() could not be found.
Exception Attributes: array (
  'controller' => 'AgendamentoController',
  'action' => 'admin_all',
)
Request URL: /samed/admin/agendamento/all
Stack Trace:
#0 D:\projetos\samed\lib\Cake\Routing\Dispatcher.php(185): Controller->invokeAction(Object(CakeRequest))
#1 D:\projetos\samed\lib\Cake\Routing\Dispatcher.php(160): Dispatcher->_invoke(Object(AgendamentoController), Object(CakeRequest), Object(CakeResponse))
#2 D:\projetos\samed\app\webroot\index.php(141): Dispatcher->dispatch(Object(CakeRequest), Object(CakeResponse))
#3 {main}
2026-06-07 22:29:50 Error: [MissingControllerException] Controller class CssController could not be found.
Exception Attributes: array (
  'class' => 'CssController',
  'plugin' => NULL,
)
Request URL: /samed/css/bootstrap.min.css
Stack Trace:
#0 D:\projetos\samed\app\webroot\index.php(141): Dispatcher->dispatch(Object(CakeRequest), Object(CakeResponse))
#1 {main}
2026-06-07 22:29:50 Error: [MissingControllerException] Controller class CssController could not be found.
Exception Attributes: array (
  'class' => 'CssController',
  'plugin' => NULL,
)
Request URL: /samed/css/font-awesome.min.css
Stack Trace:
#0 D:\projetos\samed\app\webroot\index.php(141): Dispatcher->dispatch(Object(CakeRequest), Object(CakeResponse))
#1 {main}
2026-06-07 22:29:50 Error: [MissingControllerException] Controller class CssController could not be found.
Exception Attributes: array (
  'class' => 'CssController',
  'plugin' => NULL,
)
Request URL: /samed/css/smartadmin-skins.css
Stack Trace:
#0 D:\projetos\samed\app\webroot\index.php(141): Dispatcher->dispatch(Object(CakeRequest), Object(CakeResponse))
#1 {main}
2026-06-07 22:29:50 Error: [MissingControllerException] Controller class CssController could not be found.
Exception Attributes: array (
  'class' => 'CssController',
  'plugin' => NULL,
)
Request URL: /samed/css/font-google.css
Stack Trace:
#0 D:\projetos\samed\app\webroot\index.php(141): Dispatcher->dispatch(Object(CakeRequest), Object(CakeResponse))
#1 {main}
2026-06-07 22:29:50 Error: [MissingControllerException] Controller class CssController could not be found.
Exception Attributes: array (
  'class' => 'CssController',
  'plugin' => NULL,
)
Request URL: /samed/css/demo.css
Stack Trace:
#0 D:\projetos\samed\app\webroot\index.php(141): Dispatcher->dispatch(Object(CakeRequest), Object(CakeResponse))
#1 {main}
2026-06-07 22:29:50 Error: [MissingControllerException] Controller class CssController could not be found.
Exception Attributes: array (
  'class' => 'CssController',
  'plugin' => NULL,
)
Request URL: /samed/css/smartadmin-production.css
Stack Trace:
#0 D:\projetos\samed\app\webroot\index.php(141): Dispatcher->dispatch(Object(CakeRequest), Object(CakeResponse))
#1 {main}
2026-06-07 22:29:50 Error: [MissingControllerException] Controller class JsController could not be found.
Exception Attributes: array (
  'class' => 'JsController',
  'plugin' => NULL,
)
Request URL: /samed/js/plugin/pace/pace.min.js
Stack Trace:
#0 D:\projetos\samed\app\webroot\index.php(141): Dispatcher->dispatch(Object(CakeRequest), Object(CakeResponse))
#1 {main}
2026-06-07 22:29:50 Error: [MissingControllerException] Controller class JsController could not be found.
Exception Attributes: array (
  'class' => 'JsController',
  'plugin' => NULL,
)
Request URL: /samed/js/jquery.min.js
Stack Trace:
#0 D:\projetos\samed\app\webroot\index.php(141): Dispatcher->dispatch(Object(CakeRequest), Object(CakeResponse))
#1 {main}
2026-06-07 22:29:50 Error: [MissingControllerException] Controller class JsController could not be found.
Exception Attributes: array (
  'class' => 'JsController',
  'plugin' => NULL,
)
Request URL: /samed/js/jquery-ui.min.js
Stack Trace:
#0 D:\projetos\samed\app\webroot\index.php(141): Dispatcher->dispatch(Object(CakeRequest), Object(CakeResponse))
#1 {main}
2026-06-07 22:29:51 Error: [MissingControllerException] Controller class JsController could not be found.
Exception Attributes: array (
  'class' => 'JsController',
  'plugin' => NULL,
)
Request URL: /samed/js/jquery.min.js
Stack Trace:
#0 D:\projetos\samed\app\webroot\index.php(141): Dispatcher->dispatch(Object(CakeRequest), Object(CakeResponse))
#1 {main}
2026-06-07 22:29:51 Error: [MissingControllerException] Controller class JsController could not be found.
Exception Attributes: array (
  'class' => 'JsController',
  'plugin' => NULL,
)
Request URL: /samed/js/plugin/pace/pace.min.js
Stack Trace:
#0 D:\projetos\samed\app\webroot\index.php(141): Dispatcher->dispatch(Object(CakeRequest), Object(CakeResponse))
#1 {main}
2026-06-07 22:29:51 Error: [MissingControllerException] Controller class JsController could not be found.
Exception Attributes: array (
  'class' => 'JsController',
  'plugin' => NULL,
)
Request URL: /samed/js/jquery-ui.min.js
Stack Trace:
#0 D:\projetos\samed\app\webroot\index.php(141): Dispatcher->dispatch(Object(CakeRequest), Object(CakeResponse))
#1 {main}
2026-06-07 22:30:42 Error: [MissingControllerException] Controller class JsController could not be found.
Exception Attributes: array (
  'class' => 'JsController',
  'plugin' => NULL,
)
Request URL: /samed/js/jquery-ui.min.js
Stack Trace:
#0 D:\projetos\samed\app\webroot\index.php(141): Dispatcher->dispatch(Object(CakeRequest), Object(CakeResponse))
#1 {main}
2026-06-07 22:30:42 Error: [MissingControllerException] Controller class JsController could not be found.
Exception Attributes: array (
  'class' => 'JsController',
  'plugin' => NULL,
)
Request URL: /samed/js/jquery.min.js
Stack Trace:
#0 D:\projetos\samed\app\webroot\index.php(141): Dispatcher->dispatch(Object(CakeRequest), Object(CakeResponse))
#1 {main}
2026-06-07 22:30:42 Error: [MissingControllerException] Controller class JsController could not be found.
Exception Attributes: array (
  'class' => 'JsController',
  'plugin' => NULL,
)
Request URL: /samed/js/plugin/pace/pace.min.js
Stack Trace:
#0 D:\projetos\samed\app\webroot\index.php(141): Dispatcher->dispatch(Object(CakeRequest), Object(CakeResponse))
#1 {main}
2026-06-07 22:31:13 Error: [MissingTableException] Table agendamentos for model Agendamento was not found in datasource default.
Exception Attributes: array (
  'table' => 'agendamentos',
  'class' => 'Agendamento',
  'ds' => 'default',
)
Request URL: /samed/admin/relatorio/atendimentos_pendentes
Stack Trace:
#0 D:\projetos\samed\lib\Cake\Model\Model.php(3499): Model->setSource('agendamentos')
#1 D:\projetos\samed\lib\Cake\Model\Model.php(1355): Model->getDataSource()
#2 D:\projetos\samed\lib\Cake\Model\Model.php(1447): Model->schema()
#3 D:\projetos\samed\lib\Cake\Controller\Component\PaginatorComponent.php(397): Model->hasField('status')
#4 D:\projetos\samed\lib\Cake\Controller\Component\PaginatorComponent.php(142): PaginatorComponent->validateSort(Object(AppModel), Array, Array)
#5 D:\projetos\samed\app\Controller\RelatorioController.php(1005): PaginatorComponent->paginate('Agendamento')
#6 [internal function]: RelatorioController->admin_atendimentos_pendentes()
#7 D:\projetos\samed\lib\Cake\Controller\Controller.php(490): ReflectionMethod->invokeArgs(Object(RelatorioController), Array)
#8 D:\projetos\samed\lib\Cake\Routing\Dispatcher.php(185): Controller->invokeAction(Object(CakeRequest))
#9 D:\projetos\samed\lib\Cake\Routing\Dispatcher.php(160): Dispatcher->_invoke(Object(RelatorioController), Object(CakeRequest), Object(CakeResponse))
#10 D:\projetos\samed\app\webroot\index.php(141): Dispatcher->dispatch(Object(CakeRequest), Object(CakeResponse))
#11 {main}
2026-06-07 22:31:13 Error: [MissingControllerException] Controller class CssController could not be found.
Exception Attributes: array (
  'class' => 'CssController',
  'plugin' => NULL,
)
Request URL: /samed/css/demo.css
Stack Trace:
#0 D:\projetos\samed\app\webroot\index.php(141): Dispatcher->dispatch(Object(CakeRequest), Object(CakeResponse))
#1 {main}
2026-06-07 22:31:13 Error: [MissingControllerException] Controller class CssController could not be found.
Exception Attributes: array (
  'class' => 'CssController',
  'plugin' => NULL,
)
Request URL: /samed/css/font-google.css
Stack Trace:
#0 D:\projetos\samed\app\webroot\index.php(141): Dispatcher->dispatch(Object(CakeRequest), Object(CakeResponse))
#1 {main}
2026-06-07 22:31:13 Error: [MissingControllerException] Controller class CssController could not be found.
Exception Attributes: array (
  'class' => 'CssController',
  'plugin' => NULL,
)
Request URL: /samed/css/smartadmin-skins.css
Stack Trace:
#0 D:\projetos\samed\app\webroot\index.php(141): Dispatcher->dispatch(Object(CakeRequest), Object(CakeResponse))
#1 {main}
2026-06-07 22:31:13 Error: [MissingControllerException] Controller class CssController could not be found.
Exception Attributes: array (
  'class' => 'CssController',
  'plugin' => NULL,
)
Request URL: /samed/css/smartadmin-production.css
Stack Trace:
#0 D:\projetos\samed\app\webroot\index.php(141): Dispatcher->dispatch(Object(CakeRequest), Object(CakeResponse))
#1 {main}
2026-06-07 22:31:13 Error: [MissingControllerException] Controller class CssController could not be found.
Exception Attributes: array (
  'class' => 'CssController',
  'plugin' => NULL,
)
Request URL: /samed/css/font-awesome.min.css
Stack Trace:
#0 D:\projetos\samed\app\webroot\index.php(141): Dispatcher->dispatch(Object(CakeRequest), Object(CakeResponse))
#1 {main}
2026-06-07 22:31:13 Error: [MissingControllerException] Controller class CssController could not be found.
Exception Attributes: array (
  'class' => 'CssController',
  'plugin' => NULL,
)
Request URL: /samed/css/bootstrap.min.css
Stack Trace:
#0 D:\projetos\samed\app\webroot\index.php(141): Dispatcher->dispatch(Object(CakeRequest), Object(CakeResponse))
#1 {main}
2026-06-07 22:31:14 Error: [MissingControllerException] Controller class JsController could not be found.
Exception Attributes: array (
  'class' => 'JsController',
  'plugin' => NULL,
)
Request URL: /samed/js/plugin/pace/pace.min.js
Stack Trace:
#0 D:\projetos\samed\app\webroot\index.php(141): Dispatcher->dispatch(Object(CakeRequest), Object(CakeResponse))
#1 {main}
2026-06-07 22:31:14 Error: [MissingControllerException] Controller class JsController could not be found.
Exception Attributes: array (
  'class' => 'JsController',
  'plugin' => NULL,
)
Request URL: /samed/js/jquery.min.js
Stack Trace:
#0 D:\projetos\samed\app\webroot\index.php(141): Dispatcher->dispatch(Object(CakeRequest), Object(CakeResponse))
#1 {main}
2026-06-07 22:31:14 Error: [MissingControllerException] Controller class JsController could not be found.
Exception Attributes: array (
  'class' => 'JsController',
  'plugin' => NULL,
)
Request URL: /samed/js/jquery-ui.min.js
Stack Trace:
#0 D:\projetos\samed\app\webroot\index.php(141): Dispatcher->dispatch(Object(CakeRequest), Object(CakeResponse))
#1 {main}
2026-06-07 22:31:14 Error: [MissingControllerException] Controller class JsController could not be found.
Exception Attributes: array (
  'class' => 'JsController',
  'plugin' => NULL,
)
Request URL: /samed/js/plugin/pace/pace.min.js
Stack Trace:
#0 D:\projetos\samed\app\webroot\index.php(141): Dispatcher->dispatch(Object(CakeRequest), Object(CakeResponse))
#1 {main}
2026-06-07 22:31:14 Error: [MissingTableException] Table agendamentos for model Agendamento was not found in datasource default.
Exception Attributes: array (
  'table' => 'agendamentos',
  'class' => 'Agendamento',
  'ds' => 'default',
)
Request URL: /samed/admin/relatorio/atendimentos_pendentes
Stack Trace:
#0 D:\projetos\samed\lib\Cake\Model\Model.php(3499): Model->setSource('agendamentos')
#1 D:\projetos\samed\lib\Cake\Model\Model.php(1355): Model->getDataSource()
#2 D:\projetos\samed\lib\Cake\Model\Model.php(1447): Model->schema()
#3 D:\projetos\samed\lib\Cake\Controller\Component\PaginatorComponent.php(397): Model->hasField('status')
#4 D:\projetos\samed\lib\Cake\Controller\Component\PaginatorComponent.php(142): PaginatorComponent->validateSort(Object(AppModel), Array, Array)
#5 D:\projetos\samed\app\Controller\RelatorioController.php(1005): PaginatorComponent->paginate('Agendamento')
#6 [internal function]: RelatorioController->admin_atendimentos_pendentes()
#7 D:\projetos\samed\lib\Cake\Controller\Controller.php(490): ReflectionMethod->invokeArgs(Object(RelatorioController), Array)
#8 D:\projetos\samed\lib\Cake\Routing\Dispatcher.php(185): Controller->invokeAction(Object(CakeRequest))
#9 D:\projetos\samed\lib\Cake\Routing\Dispatcher.php(160): Dispatcher->_invoke(Object(RelatorioController), Object(CakeRequest), Object(CakeResponse))
#10 D:\projetos\samed\app\webroot\index.php(141): Dispatcher->dispatch(Object(CakeRequest), Object(CakeResponse))
#11 {main}
2026-06-07 22:31:15 Error: [MissingControllerException] Controller class CssController could not be found.
Exception Attributes: array (
  'class' => 'CssController',
  'plugin' => NULL,
)
Request URL: /samed/css/bootstrap.min.css
Stack Trace:
#0 D:\projetos\samed\app\webroot\index.php(141): Dispatcher->dispatch(Object(CakeRequest), Object(CakeResponse))
#1 {main}
2026-06-07 22:31:15 Error: [MissingControllerException] Controller class CssController could not be found.
Exception Attributes: array (
  'class' => 'CssController',
  'plugin' => NULL,
)
Request URL: /samed/css/font-awesome.min.css
Stack Trace:
#0 D:\projetos\samed\app\webroot\index.php(141): Dispatcher->dispatch(Object(CakeRequest), Object(CakeResponse))
#1 {main}
2026-06-07 22:31:15 Error: [MissingControllerException] Controller class CssController could not be found.
Exception Attributes: array (
  'class' => 'CssController',
  'plugin' => NULL,
)
Request URL: /samed/css/smartadmin-production.css
Stack Trace:
#0 D:\projetos\samed\app\webroot\index.php(141): Dispatcher->dispatch(Object(CakeRequest), Object(CakeResponse))
#1 {main}
2026-06-07 22:31:15 Error: [MissingControllerException] Controller class CssController could not be found.
Exception Attributes: array (
  'class' => 'CssController',
  'plugin' => NULL,
)
Request URL: /samed/css/smartadmin-skins.css
Stack Trace:
#0 D:\projetos\samed\app\webroot\index.php(141): Dispatcher->dispatch(Object(CakeRequest), Object(CakeResponse))
#1 {main}
2026-06-07 22:31:15 Error: [MissingControllerException] Controller class CssController could not be found.
Exception Attributes: array (
  'class' => 'CssController',
  'plugin' => NULL,
)
Request URL: /samed/css/demo.css
Stack Trace:
#0 D:\projetos\samed\app\webroot\index.php(141): Dispatcher->dispatch(Object(CakeRequest), Object(CakeResponse))
#1 {main}
2026-06-07 22:31:15 Error: [MissingControllerException] Controller class CssController could not be found.
Exception Attributes: array (
  'class' => 'CssController',
  'plugin' => NULL,
)
Request URL: /samed/css/font-google.css
Stack Trace:
#0 D:\projetos\samed\app\webroot\index.php(141): Dispatcher->dispatch(Object(CakeRequest), Object(CakeResponse))
#1 {main}
2026-06-07 22:31:15 Error: [MissingControllerException] Controller class JsController could not be found.
Exception Attributes: array (
  'class' => 'JsController',
  'plugin' => NULL,
)
Request URL: /samed/js/jquery.min.js
Stack Trace:
#0 D:\projetos\samed\app\webroot\index.php(141): Dispatcher->dispatch(Object(CakeRequest), Object(CakeResponse))
#1 {main}
2026-06-07 22:31:16 Error: [MissingControllerException] Controller class JsController could not be found.
Exception Attributes: array (
  'class' => 'JsController',
  'plugin' => NULL,
)
Request URL: /samed/js/jquery-ui.min.js
Stack Trace:
#0 D:\projetos\samed\app\webroot\index.php(141): Dispatcher->dispatch(Object(CakeRequest), Object(CakeResponse))
#1 {main}
2026-06-07 22:31:16 Error: [MissingControllerException] Controller class JsController could not be found.
Exception Attributes: array (
  'class' => 'JsController',
  'plugin' => NULL,
)
Request URL: /samed/js/plugin/pace/pace.min.js
Stack Trace:
#0 D:\projetos\samed\app\webroot\index.php(141): Dispatcher->dispatch(Object(CakeRequest), Object(CakeResponse))
#1 {main}
2026-06-07 22:31:16 Error: [MissingControllerException] Controller class JsController could not be found.
Exception Attributes: array (
  'class' => 'JsController',
  'plugin' => NULL,
)
Request URL: /samed/js/jquery.min.js
Stack Trace:
#0 D:\projetos\samed\app\webroot\index.php(141): Dispatcher->dispatch(Object(CakeRequest), Object(CakeResponse))
#1 {main}
2026-06-07 22:31:17 Error: [MissingControllerException] Controller class JsController could not be found.
Exception Attributes: array (
  'class' => 'JsController',
  'plugin' => NULL,
)
Request URL: /samed/js/jquery-ui.min.js
Stack Trace:
#0 D:\projetos\samed\app\webroot\index.php(141): Dispatcher->dispatch(Object(CakeRequest), Object(CakeResponse))
#1 {main}
2026-06-07 22:31:17 Error: [MissingControllerException] Controller class JsController could not be found.
Exception Attributes: array (
  'class' => 'JsController',
  'plugin' => NULL,
)
Request URL: /samed/js/plugin/pace/pace.min.js
Stack Trace:
#0 D:\projetos\samed\app\webroot\index.php(141): Dispatcher->dispatch(Object(CakeRequest), Object(CakeResponse))
#1 {main}
2026-06-15 23:35:22 Error: Fatal Error (4): syntax error, unexpected ':' in [D:\projetos\samed\app\Controller\BeneficiarioController.php, line 516]
2026-06-15 23:35:22 Error: [FatalErrorException] syntax error, unexpected ':'
Request URL: /samed/admin/beneficiario/view/511459
Stack Trace:
#0 D:\projetos\samed\lib\Cake\Error\ErrorHandler.php(203): ErrorHandler::handleFatalError(4, 'syntax error, u...', 'D:\projetos\sam...', 516)
#1 [internal function]: ErrorHandler::handleError(4, 'syntax error, u...', 'D:\projetos\sam...', 516, Array)
#2 D:\projetos\samed\lib\Cake\Core\App.php(929): call_user_func('ErrorHandler::h...', 4, 'syntax error, u...', 'D:\projetos\sam...', 516, Array)
#3 D:\projetos\samed\lib\Cake\Core\App.php(902): App::_checkFatalError()
#4 [internal function]: App::shutdown()
#5 {main}
2026-06-15 23:35:23 Error: [MissingControllerException] Controller class CssController could not be found.
Exception Attributes: array (
  'class' => 'CssController',
  'plugin' => NULL,
)
Request URL: /samed/css/bootstrap.min.css
Stack Trace:
#0 D:\projetos\samed\app\webroot\index.php(141): Dispatcher->dispatch(Object(CakeRequest), Object(CakeResponse))
#1 {main}
2026-06-15 23:35:23 Error: [MissingControllerException] Controller class CssController could not be found.
Exception Attributes: array (
  'class' => 'CssController',
  'plugin' => NULL,
)
Request URL: /samed/css/smartadmin-skins.css
Stack Trace:
#0 D:\projetos\samed\app\webroot\index.php(141): Dispatcher->dispatch(Object(CakeRequest), Object(CakeResponse))
#1 {main}
2026-06-15 23:35:23 Error: [MissingControllerException] Controller class CssController could not be found.
Exception Attributes: array (
  'class' => 'CssController',
  'plugin' => NULL,
)
Request URL: /samed/css/font-awesome.min.css
Stack Trace:
#0 D:\projetos\samed\app\webroot\index.php(141): Dispatcher->dispatch(Object(CakeRequest), Object(CakeResponse))
#1 {main}
2026-06-15 23:35:23 Error: [MissingControllerException] Controller class CssController could not be found.
Exception Attributes: array (
  'class' => 'CssController',
  'plugin' => NULL,
)
Request URL: /samed/css/demo.css
Stack Trace:
#0 D:\projetos\samed\app\webroot\index.php(141): Dispatcher->dispatch(Object(CakeRequest), Object(CakeResponse))
#1 {main}
2026-06-15 23:35:23 Error: [MissingControllerException] Controller class CssController could not be found.
Exception Attributes: array (
  'class' => 'CssController',
  'plugin' => NULL,
)
Request URL: /samed/css/smartadmin-production.css
Stack Trace:
#0 D:\projetos\samed\app\webroot\index.php(141): Dispatcher->dispatch(Object(CakeRequest), Object(CakeResponse))
#1 {main}
2026-06-15 23:35:23 Error: [MissingControllerException] Controller class CssController could not be found.
Exception Attributes: array (
  'class' => 'CssController',
  'plugin' => NULL,
)
Request URL: /samed/css/font-google.css
Stack Trace:
#0 D:\projetos\samed\app\webroot\index.php(141): Dispatcher->dispatch(Object(CakeRequest), Object(CakeResponse))
#1 {main}
2026-06-15 23:35:23 Error: [MissingControllerException] Controller class JsController could not be found.
Exception Attributes: array (
  'class' => 'JsController',
  'plugin' => NULL,
)
Request URL: /samed/js/plugin/pace/pace.min.js
Stack Trace:
#0 D:\projetos\samed\app\webroot\index.php(141): Dispatcher->dispatch(Object(CakeRequest), Object(CakeResponse))
#1 {main}
2026-06-15 23:35:23 Error: [MissingControllerException] Controller class JsController could not be found.
Exception Attributes: array (
  'class' => 'JsController',
  'plugin' => NULL,
)
Request URL: /samed/js/jquery.min.js
Stack Trace:
#0 D:\projetos\samed\app\webroot\index.php(141): Dispatcher->dispatch(Object(CakeRequest), Object(CakeResponse))
#1 {main}
2026-06-15 23:35:23 Error: [MissingControllerException] Controller class JsController could not be found.
Exception Attributes: array (
  'class' => 'JsController',
  'plugin' => NULL,
)
Request URL: /samed/js/jquery-ui.min.js
Stack Trace:
#0 D:\projetos\samed\app\webroot\index.php(141): Dispatcher->dispatch(Object(CakeRequest), Object(CakeResponse))
#1 {main}
2026-06-15 23:35:24 Error: [MissingControllerException] Controller class JsController could not be found.
Exception Attributes: array (
  'class' => 'JsController',
  'plugin' => NULL,
)
Request URL: /samed/js/plugin/pace/pace.min.js
Stack Trace:
#0 D:\projetos\samed\app\webroot\index.php(141): Dispatcher->dispatch(Object(CakeRequest), Object(CakeResponse))
#1 {main}
2026-06-15 23:35:24 Error: [MissingControllerException] Controller class JsController could not be found.
Exception Attributes: array (
  'class' => 'JsController',
  'plugin' => NULL,
)
Request URL: /samed/js/jquery.min.js
Stack Trace:
#0 D:\projetos\samed\app\webroot\index.php(141): Dispatcher->dispatch(Object(CakeRequest), Object(CakeResponse))
#1 {main}
2026-06-15 23:35:24 Error: [MissingControllerException] Controller class JsController could not be found.
Exception Attributes: array (
  'class' => 'JsController',
  'plugin' => NULL,
)
Request URL: /samed/js/jquery-ui.min.js
Stack Trace:
#0 D:\projetos\samed\app\webroot\index.php(141): Dispatcher->dispatch(Object(CakeRequest), Object(CakeResponse))
#1 {main}
2026-06-15 23:35:27 Error: Fatal Error (4): syntax error, unexpected ':' in [D:\projetos\samed\app\Controller\BeneficiarioController.php, line 516]
2026-06-15 23:35:27 Error: [FatalErrorException] syntax error, unexpected ':'
Request URL: /samed/admin/beneficiario/view/511459
Stack Trace:
#0 D:\projetos\samed\lib\Cake\Error\ErrorHandler.php(203): ErrorHandler::handleFatalError(4, 'syntax error, u...', 'D:\projetos\sam...', 516)
#1 [internal function]: ErrorHandler::handleError(4, 'syntax error, u...', 'D:\projetos\sam...', 516, Array)
#2 D:\projetos\samed\lib\Cake\Core\App.php(929): call_user_func('ErrorHandler::h...', 4, 'syntax error, u...', 'D:\projetos\sam...', 516, Array)
#3 D:\projetos\samed\lib\Cake\Core\App.php(902): App::_checkFatalError()
#4 [internal function]: App::shutdown()
#5 {main}
2026-06-15 23:35:27 Error: [MissingControllerException] Controller class CssController could not be found.
Exception Attributes: array (
  'class' => 'CssController',
  'plugin' => NULL,
)
Request URL: /samed/css/bootstrap.min.css
Stack Trace:
#0 D:\projetos\samed\app\webroot\index.php(141): Dispatcher->dispatch(Object(CakeRequest), Object(CakeResponse))
#1 {main}
2026-06-15 23:35:27 Error: [MissingControllerException] Controller class CssController could not be found.
Exception Attributes: array (
  'class' => 'CssController',
  'plugin' => NULL,
)
Request URL: /samed/css/font-awesome.min.css
Stack Trace:
#0 D:\projetos\samed\app\webroot\index.php(141): Dispatcher->dispatch(Object(CakeRequest), Object(CakeResponse))
#1 {main}
2026-06-15 23:35:27 Error: [MissingControllerException] Controller class CssController could not be found.
Exception Attributes: array (
  'class' => 'CssController',
  'plugin' => NULL,
)
Request URL: /samed/css/smartadmin-production.css
Stack Trace:
#0 D:\projetos\samed\app\webroot\index.php(141): Dispatcher->dispatch(Object(CakeRequest), Object(CakeResponse))
#1 {main}
2026-06-15 23:35:27 Error: [MissingControllerException] Controller class CssController could not be found.
Exception Attributes: array (
  'class' => 'CssController',
  'plugin' => NULL,
)
Request URL: /samed/css/demo.css
Stack Trace:
#0 D:\projetos\samed\app\webroot\index.php(141): Dispatcher->dispatch(Object(CakeRequest), Object(CakeResponse))
#1 {main}
2026-06-15 23:35:27 Error: [MissingControllerException] Controller class CssController could not be found.
Exception Attributes: array (
  'class' => 'CssController',
  'plugin' => NULL,
)
Request URL: /samed/css/smartadmin-skins.css
Stack Trace:
#0 D:\projetos\samed\app\webroot\index.php(141): Dispatcher->dispatch(Object(CakeRequest), Object(CakeResponse))
#1 {main}
2026-06-15 23:35:27 Error: [MissingControllerException] Controller class CssController could not be found.
Exception Attributes: array (
  'class' => 'CssController',
  'plugin' => NULL,
)
Request URL: /samed/css/font-google.css
Stack Trace:
#0 D:\projetos\samed\app\webroot\index.php(141): Dispatcher->dispatch(Object(CakeRequest), Object(CakeResponse))
#1 {main}
2026-06-15 23:35:28 Error: [MissingControllerException] Controller class JsController could not be found.
Exception Attributes: array (
  'class' => 'JsController',
  'plugin' => NULL,
)
Request URL: /samed/js/plugin/pace/pace.min.js
Stack Trace:
#0 D:\projetos\samed\app\webroot\index.php(141): Dispatcher->dispatch(Object(CakeRequest), Object(CakeResponse))
#1 {main}
2026-06-15 23:35:28 Error: [MissingControllerException] Controller class JsController could not be found.
Exception Attributes: array (
  'class' => 'JsController',
  'plugin' => NULL,
)
Request URL: /samed/js/jquery.min.js
Stack Trace:
#0 D:\projetos\samed\app\webroot\index.php(141): Dispatcher->dispatch(Object(CakeRequest), Object(CakeResponse))
#1 {main}
2026-06-15 23:35:28 Error: [MissingControllerException] Controller class JsController could not be found.
Exception Attributes: array (
  'class' => 'JsController',
  'plugin' => NULL,
)
Request URL: /samed/js/jquery-ui.min.js
Stack Trace:
#0 D:\projetos\samed\app\webroot\index.php(141): Dispatcher->dispatch(Object(CakeRequest), Object(CakeResponse))
#1 {main}
2026-06-15 23:35:28 Error: [MissingControllerException] Controller class JsController could not be found.
Exception Attributes: array (
  'class' => 'JsController',
  'plugin' => NULL,
)
Request URL: /samed/js/plugin/pace/pace.min.js
Stack Trace:
#0 D:\projetos\samed\app\webroot\index.php(141): Dispatcher->dispatch(Object(CakeRequest), Object(CakeResponse))
#1 {main}
2026-06-15 23:35:28 Error: [MissingControllerException] Controller class JsController could not be found.
Exception Attributes: array (
  'class' => 'JsController',
  'plugin' => NULL,
)
Request URL: /samed/js/jquery.min.js
Stack Trace:
#0 D:\projetos\samed\app\webroot\index.php(141): Dispatcher->dispatch(Object(CakeRequest), Object(CakeResponse))
#1 {main}
2026-06-15 23:35:28 Error: [MissingControllerException] Controller class JsController could not be found.
Exception Attributes: array (
  'class' => 'JsController',
  'plugin' => NULL,
)
Request URL: /samed/js/jquery-ui.min.js
Stack Trace:
#0 D:\projetos\samed\app\webroot\index.php(141): Dispatcher->dispatch(Object(CakeRequest), Object(CakeResponse))
#1 {main}
2026-06-19 23:28:09 Error: Fatal Error (4): syntax error, unexpected 'if' (T_IF) in [D:\projetos\samed\app\View\Elements\admin\beneficiario\timeline.ctp, line 163]
2026-06-19 23:28:09 Error: [FatalErrorException] syntax error, unexpected 'if' (T_IF)
Request URL: /samed/admin/beneficiario/view/511459
Stack Trace:
#0 D:\projetos\samed\lib\Cake\Error\ErrorHandler.php(203): ErrorHandler::handleFatalError(4, 'syntax error, u...', 'D:\projetos\sam...', 163)
#1 [internal function]: ErrorHandler::handleError(4, 'syntax error, u...', 'D:\projetos\sam...', 163, Array)
#2 D:\projetos\samed\lib\Cake\Core\App.php(929): call_user_func('ErrorHandler::h...', 4, 'syntax error, u...', 'D:\projetos\sam...', 163, Array)
#3 D:\projetos\samed\lib\Cake\Core\App.php(902): App::_checkFatalError()
#4 [internal function]: App::shutdown()
#5 {main}
2026-06-19 23:28:10 Error: [MissingControllerException] Controller class CssController could not be found.
Exception Attributes: array (
  'class' => 'CssController',
  'plugin' => NULL,
)
Request URL: /samed/css/bootstrap.min.css
Stack Trace:
#0 D:\projetos\samed\app\webroot\index.php(141): Dispatcher->dispatch(Object(CakeRequest), Object(CakeResponse))
#1 {main}
2026-06-19 23:28:10 Error: [MissingControllerException] Controller class CssController could not be found.
Exception Attributes: array (
  'class' => 'CssController',
  'plugin' => NULL,
)
Request URL: /samed/css/font-awesome.min.css
Stack Trace:
#0 D:\projetos\samed\app\webroot\index.php(141): Dispatcher->dispatch(Object(CakeRequest), Object(CakeResponse))
#1 {main}
2026-06-19 23:28:10 Error: [MissingControllerException] Controller class CssController could not be found.
Exception Attributes: array (
  'class' => 'CssController',
  'plugin' => NULL,
)
Request URL: /samed/css/font-google.css
Stack Trace:
#0 D:\projetos\samed\app\webroot\index.php(141): Dispatcher->dispatch(Object(CakeRequest), Object(CakeResponse))
#1 {main}
2026-06-19 23:28:10 Error: [MissingControllerException] Controller class CssController could not be found.
Exception Attributes: array (
  'class' => 'CssController',
  'plugin' => NULL,
)
Request URL: /samed/css/demo.css
Stack Trace:
#0 D:\projetos\samed\app\webroot\index.php(141): Dispatcher->dispatch(Object(CakeRequest), Object(CakeResponse))
#1 {main}
2026-06-19 23:28:10 Error: [MissingControllerException] Controller class CssController could not be found.
Exception Attributes: array (
  'class' => 'CssController',
  'plugin' => NULL,
)
Request URL: /samed/css/smartadmin-production.css
Stack Trace:
#0 D:\projetos\samed\app\webroot\index.php(141): Dispatcher->dispatch(Object(CakeRequest), Object(CakeResponse))
#1 {main}
2026-06-19 23:28:10 Error: [MissingControllerException] Controller class CssController could not be found.
Exception Attributes: array (
  'class' => 'CssController',
  'plugin' => NULL,
)
Request URL: /samed/css/smartadmin-skins.css
Stack Trace:
#0 D:\projetos\samed\app\webroot\index.php(141): Dispatcher->dispatch(Object(CakeRequest), Object(CakeResponse))
#1 {main}
2026-06-19 23:28:11 Error: [MissingControllerException] Controller class JsController could not be found.
Exception Attributes: array (
  'class' => 'JsController',
  'plugin' => NULL,
)
Request URL: /samed/js/plugin/pace/pace.min.js
Stack Trace:
#0 D:\projetos\samed\app\webroot\index.php(141): Dispatcher->dispatch(Object(CakeRequest), Object(CakeResponse))
#1 {main}
2026-06-19 23:28:11 Error: [MissingControllerException] Controller class JsController could not be found.
Exception Attributes: array (
  'class' => 'JsController',
  'plugin' => NULL,
)
Request URL: /samed/js/jquery.min.js
Stack Trace:
#0 D:\projetos\samed\app\webroot\index.php(141): Dispatcher->dispatch(Object(CakeRequest), Object(CakeResponse))
#1 {main}
2026-06-19 23:28:11 Error: [MissingControllerException] Controller class JsController could not be found.
Exception Attributes: array (
  'class' => 'JsController',
  'plugin' => NULL,
)
Request URL: /samed/js/jquery-ui.min.js
Stack Trace:
#0 D:\projetos\samed\app\webroot\index.php(141): Dispatcher->dispatch(Object(CakeRequest), Object(CakeResponse))
#1 {main}
2026-06-19 23:28:12 Error: [MissingControllerException] Controller class JsController could not be found.
Exception Attributes: array (
  'class' => 'JsController',
  'plugin' => NULL,
)
Request URL: /samed/js/jquery.min.js
Stack Trace:
#0 D:\projetos\samed\app\webroot\index.php(141): Dispatcher->dispatch(Object(CakeRequest), Object(CakeResponse))
#1 {main}
2026-06-19 23:28:12 Error: [MissingControllerException] Controller class JsController could not be found.
Exception Attributes: array (
  'class' => 'JsController',
  'plugin' => NULL,
)
Request URL: /samed/js/plugin/pace/pace.min.js
Stack Trace:
#0 D:\projetos\samed\app\webroot\index.php(141): Dispatcher->dispatch(Object(CakeRequest), Object(CakeResponse))
#1 {main}
2026-06-19 23:28:12 Error: [MissingControllerException] Controller class JsController could not be found.
Exception Attributes: array (
  'class' => 'JsController',
  'plugin' => NULL,
)
Request URL: /samed/js/jquery-ui.min.js
Stack Trace:
#0 D:\projetos\samed\app\webroot\index.php(141): Dispatcher->dispatch(Object(CakeRequest), Object(CakeResponse))
#1 {main}
2026-06-19 23:28:20 Error: Fatal Error (4): syntax error, unexpected 'if' (T_IF) in [D:\projetos\samed\app\View\Elements\admin\beneficiario\timeline.ctp, line 163]
2026-06-19 23:28:20 Error: [FatalErrorException] syntax error, unexpected 'if' (T_IF)
Request URL: /samed/admin/beneficiario/view/511459
Stack Trace:
#0 D:\projetos\samed\lib\Cake\Error\ErrorHandler.php(203): ErrorHandler::handleFatalError(4, 'syntax error, u...', 'D:\projetos\sam...', 163)
#1 [internal function]: ErrorHandler::handleError(4, 'syntax error, u...', 'D:\projetos\sam...', 163, Array)
#2 D:\projetos\samed\lib\Cake\Core\App.php(929): call_user_func('ErrorHandler::h...', 4, 'syntax error, u...', 'D:\projetos\sam...', 163, Array)
#3 D:\projetos\samed\lib\Cake\Core\App.php(902): App::_checkFatalError()
#4 [internal function]: App::shutdown()
#5 {main}
2026-06-19 23:28:21 Error: [MissingControllerException] Controller class CssController could not be found.
Exception Attributes: array (
  'class' => 'CssController',
  'plugin' => NULL,
)
Request URL: /samed/css/bootstrap.min.css
Stack Trace:
#0 D:\projetos\samed\app\webroot\index.php(141): Dispatcher->dispatch(Object(CakeRequest), Object(CakeResponse))
#1 {main}
2026-06-19 23:28:21 Error: [MissingControllerException] Controller class CssController could not be found.
Exception Attributes: array (
  'class' => 'CssController',
  'plugin' => NULL,
)
Request URL: /samed/css/font-awesome.min.css
Stack Trace:
#0 D:\projetos\samed\app\webroot\index.php(141): Dispatcher->dispatch(Object(CakeRequest), Object(CakeResponse))
#1 {main}
2026-06-19 23:28:21 Error: [MissingControllerException] Controller class CssController could not be found.
Exception Attributes: array (
  'class' => 'CssController',
  'plugin' => NULL,
)
Request URL: /samed/css/smartadmin-skins.css
Stack Trace:
#0 D:\projetos\samed\app\webroot\index.php(141): Dispatcher->dispatch(Object(CakeRequest), Object(CakeResponse))
#1 {main}
2026-06-19 23:28:21 Error: [MissingControllerException] Controller class CssController could not be found.
Exception Attributes: array (
  'class' => 'CssController',
  'plugin' => NULL,
)
Request URL: /samed/css/smartadmin-production.css
Stack Trace:
#0 D:\projetos\samed\app\webroot\index.php(141): Dispatcher->dispatch(Object(CakeRequest), Object(CakeResponse))
#1 {main}
2026-06-19 23:28:21 Error: [MissingControllerException] Controller class CssController could not be found.
Exception Attributes: array (
  'class' => 'CssController',
  'plugin' => NULL,
)
Request URL: /samed/css/demo.css
Stack Trace:
#0 D:\projetos\samed\app\webroot\index.php(141): Dispatcher->dispatch(Object(CakeRequest), Object(CakeResponse))
#1 {main}
2026-06-19 23:28:21 Error: [MissingControllerException] Controller class CssController could not be found.
Exception Attributes: array (
  'class' => 'CssController',
  'plugin' => NULL,
)
Request URL: /samed/css/font-google.css
Stack Trace:
#0 D:\projetos\samed\app\webroot\index.php(141): Dispatcher->dispatch(Object(CakeRequest), Object(CakeResponse))
#1 {main}
2026-06-19 23:28:21 Error: [MissingControllerException] Controller class JsController could not be found.
Exception Attributes: array (
  'class' => 'JsController',
  'plugin' => NULL,
)
Request URL: /samed/js/plugin/pace/pace.min.js
Stack Trace:
#0 D:\projetos\samed\app\webroot\index.php(141): Dispatcher->dispatch(Object(CakeRequest), Object(CakeResponse))
#1 {main}
2026-06-19 23:28:21 Error: [MissingControllerException] Controller class JsController could not be found.
Exception Attributes: array (
  'class' => 'JsController',
  'plugin' => NULL,
)
Request URL: /samed/js/jquery.min.js
Stack Trace:
#0 D:\projetos\samed\app\webroot\index.php(141): Dispatcher->dispatch(Object(CakeRequest), Object(CakeResponse))
#1 {main}
2026-06-19 23:28:21 Error: [MissingControllerException] Controller class JsController could not be found.
Exception Attributes: array (
  'class' => 'JsController',
  'plugin' => NULL,
)
Request URL: /samed/js/jquery-ui.min.js
Stack Trace:
#0 D:\projetos\samed\app\webroot\index.php(141): Dispatcher->dispatch(Object(CakeRequest), Object(CakeResponse))
#1 {main}
2026-06-19 23:28:23 Error: [MissingControllerException] Controller class JsController could not be found.
Exception Attributes: array (
  'class' => 'JsController',
  'plugin' => NULL,
)
Request URL: /samed/js/plugin/pace/pace.min.js
Stack Trace:
#0 D:\projetos\samed\app\webroot\index.php(141): Dispatcher->dispatch(Object(CakeRequest), Object(CakeResponse))
#1 {main}
2026-06-19 23:28:23 Error: [MissingControllerException] Controller class JsController could not be found.
Exception Attributes: array (
  'class' => 'JsController',
  'plugin' => NULL,
)
Request URL: /samed/js/jquery.min.js
Stack Trace:
#0 D:\projetos\samed\app\webroot\index.php(141): Dispatcher->dispatch(Object(CakeRequest), Object(CakeResponse))
#1 {main}
2026-06-19 23:28:23 Error: [MissingControllerException] Controller class JsController could not be found.
Exception Attributes: array (
  'class' => 'JsController',
  'plugin' => NULL,
)
Request URL: /samed/js/jquery-ui.min.js
Stack Trace:
#0 D:\projetos\samed\app\webroot\index.php(141): Dispatcher->dispatch(Object(CakeRequest), Object(CakeResponse))
#1 {main}
2026-06-21 23:10:23 Error: Fatal Error (1): Maximum execution time of 30 seconds exceeded in [D:\projetos\samed\lib\Cake\krumo\krumo.php, line 21]
2026-06-21 23:10:26 Error: [FatalErrorException] Maximum execution time of 30 seconds exceeded
Stack Trace:
#0 D:\projetos\samed\lib\Cake\Error\ErrorHandler.php(203): ErrorHandler::handleFatalError(1, 'Maximum executi...', 'D:\projetos\sam...', 21)
#1 [internal function]: ErrorHandler::handleError(1, 'Maximum executi...', 'D:\projetos\sam...', 21, Array)
#2 D:\projetos\samed\lib\Cake\Core\App.php(929): call_user_func('ErrorHandler::h...', 1, 'Maximum executi...', 'D:\projetos\sam...', 21, Array)
#3 D:\projetos\samed\lib\Cake\Core\App.php(902): App::_checkFatalError()
#4 [internal function]: App::shutdown()
#5 {main}
2026-06-21 23:10:43 Error: [MissingControllerException] Controller class CssController could not be found.
Exception Attributes: array (
  'class' => 'CssController',
  'plugin' => NULL,
)
Request URL: /samed/css/font-awesome.min.css
Stack Trace:
#0 D:\projetos\samed\app\webroot\index.php(141): Dispatcher->dispatch(Object(CakeRequest), Object(CakeResponse))
#1 {main}
2026-06-21 23:10:43 Error: [MissingControllerException] Controller class CssController could not be found.
Exception Attributes: array (
  'class' => 'CssController',
  'plugin' => NULL,
)
Request URL: /samed/css/bootstrap.min.css
Stack Trace:
#0 D:\projetos\samed\app\webroot\index.php(141): Dispatcher->dispatch(Object(CakeRequest), Object(CakeResponse))
#1 {main}
2026-06-21 23:10:43 Error: [MissingControllerException] Controller class CssController could not be found.
Exception Attributes: array (
  'class' => 'CssController',
  'plugin' => NULL,
)
Request URL: /samed/css/smartadmin-production.css
Stack Trace:
#0 D:\projetos\samed\app\webroot\index.php(141): Dispatcher->dispatch(Object(CakeRequest), Object(CakeResponse))
#1 {main}
2026-06-21 23:10:44 Error: [MissingControllerException] Controller class CssController could not be found.
Exception Attributes: array (
  'class' => 'CssController',
  'plugin' => NULL,
)
Request URL: /samed/css/smartadmin-skins.css
Stack Trace:
#0 D:\projetos\samed\app\webroot\index.php(141): Dispatcher->dispatch(Object(CakeRequest), Object(CakeResponse))
#1 {main}
2026-06-21 23:10:44 Error: [MissingControllerException] Controller class CssController could not be found.
Exception Attributes: array (
  'class' => 'CssController',
  'plugin' => NULL,
)
Request URL: /samed/css/demo.css
Stack Trace:
#0 D:\projetos\samed\app\webroot\index.php(141): Dispatcher->dispatch(Object(CakeRequest), Object(CakeResponse))
#1 {main}
2026-06-21 23:10:44 Error: [MissingControllerException] Controller class CssController could not be found.
Exception Attributes: array (
  'class' => 'CssController',
  'plugin' => NULL,
)
Request URL: /samed/css/font-google.css
Stack Trace:
#0 D:\projetos\samed\app\webroot\index.php(141): Dispatcher->dispatch(Object(CakeRequest), Object(CakeResponse))
#1 {main}
2026-06-21 23:10:44 Error: [MissingControllerException] Controller class JsController could not be found.
Exception Attributes: array (
  'class' => 'JsController',
  'plugin' => NULL,
)
Request URL: /samed/js/plugin/pace/pace.min.js
Stack Trace:
#0 D:\projetos\samed\app\webroot\index.php(141): Dispatcher->dispatch(Object(CakeRequest), Object(CakeResponse))
#1 {main}
2026-06-21 23:10:44 Error: [MissingControllerException] Controller class JsController could not be found.
Exception Attributes: array (
  'class' => 'JsController',
  'plugin' => NULL,
)
Request URL: /samed/js/jquery.min.js
Stack Trace:
#0 D:\projetos\samed\app\webroot\index.php(141): Dispatcher->dispatch(Object(CakeRequest), Object(CakeResponse))
#1 {main}
2026-06-21 23:10:44 Error: [MissingControllerException] Controller class JsController could not be found.
Exception Attributes: array (
  'class' => 'JsController',
  'plugin' => NULL,
)
Request URL: /samed/js/jquery-ui.min.js
Stack Trace:
#0 D:\projetos\samed\app\webroot\index.php(141): Dispatcher->dispatch(Object(CakeRequest), Object(CakeResponse))
#1 {main}
2026-06-21 23:10:45 Error: [MissingControllerException] Controller class JsController could not be found.
Exception Attributes: array (
  'class' => 'JsController',
  'plugin' => NULL,
)
Request URL: /samed/js/jquery.min.js
Stack Trace:
#0 D:\projetos\samed\app\webroot\index.php(141): Dispatcher->dispatch(Object(CakeRequest), Object(CakeResponse))
#1 {main}
2026-06-21 23:10:45 Error: [MissingControllerException] Controller class JsController could not be found.
Exception Attributes: array (
  'class' => 'JsController',
  'plugin' => NULL,
)
Request URL: /samed/js/plugin/pace/pace.min.js
Stack Trace:
#0 D:\projetos\samed\app\webroot\index.php(141): Dispatcher->dispatch(Object(CakeRequest), Object(CakeResponse))
#1 {main}
2026-06-21 23:10:45 Error: [MissingControllerException] Controller class JsController could not be found.
Exception Attributes: array (
  'class' => 'JsController',
  'plugin' => NULL,
)
Request URL: /samed/js/jquery-ui.min.js
Stack Trace:
#0 D:\projetos\samed\app\webroot\index.php(141): Dispatcher->dispatch(Object(CakeRequest), Object(CakeResponse))
#1 {main}
2026-06-24 19:24:13 Error: Fatal Error (4): syntax error, unexpected 'array' (T_ARRAY) in [D:\projetos\samed\app\View\Atendimento\admin_add.ctp, line 13]
2026-06-24 19:24:13 Error: [FatalErrorException] syntax error, unexpected 'array' (T_ARRAY)
Request URL: /samed/admin/atendimento/add/511459/114696
Stack Trace:
#0 D:\projetos\samed\lib\Cake\Error\ErrorHandler.php(203): ErrorHandler::handleFatalError(4, 'syntax error, u...', 'D:\projetos\sam...', 13)
#1 [internal function]: ErrorHandler::handleError(4, 'syntax error, u...', 'D:\projetos\sam...', 13, Array)
#2 D:\projetos\samed\lib\Cake\Core\App.php(929): call_user_func('ErrorHandler::h...', 4, 'syntax error, u...', 'D:\projetos\sam...', 13, Array)
#3 D:\projetos\samed\lib\Cake\Core\App.php(902): App::_checkFatalError()
#4 [internal function]: App::shutdown()
#5 {main}
2026-06-24 19:24:13 Error: [MissingControllerException] Controller class CssController could not be found.
Exception Attributes: array (
  'class' => 'CssController',
  'plugin' => NULL,
)
Request URL: /samed/css/bootstrap.min.css
Stack Trace:
#0 D:\projetos\samed\app\webroot\index.php(141): Dispatcher->dispatch(Object(CakeRequest), Object(CakeResponse))
#1 {main}
2026-06-24 19:24:13 Error: [MissingControllerException] Controller class CssController could not be found.
Exception Attributes: array (
  'class' => 'CssController',
  'plugin' => NULL,
)
Request URL: /samed/css/font-awesome.min.css
Stack Trace:
#0 D:\projetos\samed\app\webroot\index.php(141): Dispatcher->dispatch(Object(CakeRequest), Object(CakeResponse))
#1 {main}
2026-06-24 19:24:13 Error: [MissingControllerException] Controller class CssController could not be found.
Exception Attributes: array (
  'class' => 'CssController',
  'plugin' => NULL,
)
Request URL: /samed/css/smartadmin-production.css
Stack Trace:
#0 D:\projetos\samed\app\webroot\index.php(141): Dispatcher->dispatch(Object(CakeRequest), Object(CakeResponse))
#1 {main}
2026-06-24 19:24:13 Error: [MissingControllerException] Controller class CssController could not be found.
Exception Attributes: array (
  'class' => 'CssController',
  'plugin' => NULL,
)
Request URL: /samed/css/demo.css
Stack Trace:
#0 D:\projetos\samed\app\webroot\index.php(141): Dispatcher->dispatch(Object(CakeRequest), Object(CakeResponse))
#1 {main}
2026-06-24 19:24:13 Error: [MissingControllerException] Controller class CssController could not be found.
Exception Attributes: array (
  'class' => 'CssController',
  'plugin' => NULL,
)
Request URL: /samed/css/smartadmin-skins.css
Stack Trace:
#0 D:\projetos\samed\app\webroot\index.php(141): Dispatcher->dispatch(Object(CakeRequest), Object(CakeResponse))
#1 {main}
2026-06-24 19:24:13 Error: [MissingControllerException] Controller class CssController could not be found.
Exception Attributes: array (
  'class' => 'CssController',
  'plugin' => NULL,
)
Request URL: /samed/css/font-google.css
Stack Trace:
#0 D:\projetos\samed\app\webroot\index.php(141): Dispatcher->dispatch(Object(CakeRequest), Object(CakeResponse))
#1 {main}
2026-06-24 19:24:13 Error: [MissingControllerException] Controller class JsController could not be found.
Exception Attributes: array (
  'class' => 'JsController',
  'plugin' => NULL,
)
Request URL: /samed/js/plugin/pace/pace.min.js
Stack Trace:
#0 D:\projetos\samed\app\webroot\index.php(141): Dispatcher->dispatch(Object(CakeRequest), Object(CakeResponse))
#1 {main}
2026-06-24 19:24:13 Error: [MissingControllerException] Controller class JsController could not be found.
Exception Attributes: array (
  'class' => 'JsController',
  'plugin' => NULL,
)
Request URL: /samed/js/jquery.min.js
Stack Trace:
#0 D:\projetos\samed\app\webroot\index.php(141): Dispatcher->dispatch(Object(CakeRequest), Object(CakeResponse))
#1 {main}
2026-06-24 19:24:13 Error: [MissingControllerException] Controller class JsController could not be found.
Exception Attributes: array (
  'class' => 'JsController',
  'plugin' => NULL,
)
Request URL: /samed/js/jquery-ui.min.js
Stack Trace:
#0 D:\projetos\samed\app\webroot\index.php(141): Dispatcher->dispatch(Object(CakeRequest), Object(CakeResponse))
#1 {main}
2026-06-24 19:24:13 Error: [MissingControllerException] Controller class JsController could not be found.
Exception Attributes: array (
  'class' => 'JsController',
  'plugin' => NULL,
)
Request URL: /samed/js/jquery.min.js
Stack Trace:
#0 D:\projetos\samed\app\webroot\index.php(141): Dispatcher->dispatch(Object(CakeRequest), Object(CakeResponse))
#1 {main}
2026-06-24 19:24:13 Error: [MissingControllerException] Controller class JsController could not be found.
Exception Attributes: array (
  'class' => 'JsController',
  'plugin' => NULL,
)
Request URL: /samed/js/plugin/pace/pace.min.js
Stack Trace:
#0 D:\projetos\samed\app\webroot\index.php(141): Dispatcher->dispatch(Object(CakeRequest), Object(CakeResponse))
#1 {main}
2026-06-24 19:24:13 Error: [MissingControllerException] Controller class JsController could not be found.
Exception Attributes: array (
  'class' => 'JsController',
  'plugin' => NULL,
)
Request URL: /samed/js/jquery-ui.min.js
Stack Trace:
#0 D:\projetos\samed\app\webroot\index.php(141): Dispatcher->dispatch(Object(CakeRequest), Object(CakeResponse))
#1 {main}
2026-06-24 19:27:22 Error: Fatal Error (4): syntax error, unexpected 'array' (T_ARRAY) in [D:\projetos\samed\app\View\Atendimento\admin_add.ctp, line 13]
2026-06-24 19:27:22 Error: [FatalErrorException] syntax error, unexpected 'array' (T_ARRAY)
Request URL: /samed/admin/atendimento/add/511459/114696
Stack Trace:
#0 D:\projetos\samed\lib\Cake\Error\ErrorHandler.php(203): ErrorHandler::handleFatalError(4, 'syntax error, u...', 'D:\projetos\sam...', 13)
#1 [internal function]: ErrorHandler::handleError(4, 'syntax error, u...', 'D:\projetos\sam...', 13, Array)
#2 D:\projetos\samed\lib\Cake\Core\App.php(929): call_user_func('ErrorHandler::h...', 4, 'syntax error, u...', 'D:\projetos\sam...', 13, Array)
#3 D:\projetos\samed\lib\Cake\Core\App.php(902): App::_checkFatalError()
#4 [internal function]: App::shutdown()
#5 {main}
2026-06-24 19:27:22 Error: [MissingControllerException] Controller class CssController could not be found.
Exception Attributes: array (
  'class' => 'CssController',
  'plugin' => NULL,
)
Request URL: /samed/css/bootstrap.min.css
Stack Trace:
#0 D:\projetos\samed\app\webroot\index.php(141): Dispatcher->dispatch(Object(CakeRequest), Object(CakeResponse))
#1 {main}
2026-06-24 19:27:22 Error: [MissingControllerException] Controller class CssController could not be found.
Exception Attributes: array (
  'class' => 'CssController',
  'plugin' => NULL,
)
Request URL: /samed/css/font-awesome.min.css
Stack Trace:
#0 D:\projetos\samed\app\webroot\index.php(141): Dispatcher->dispatch(Object(CakeRequest), Object(CakeResponse))
#1 {main}
2026-06-24 19:27:22 Error: [MissingControllerException] Controller class CssController could not be found.
Exception Attributes: array (
  'class' => 'CssController',
  'plugin' => NULL,
)
Request URL: /samed/css/demo.css
Stack Trace:
#0 D:\projetos\samed\app\webroot\index.php(141): Dispatcher->dispatch(Object(CakeRequest), Object(CakeResponse))
#1 {main}
2026-06-24 19:27:22 Error: [MissingControllerException] Controller class CssController could not be found.
Exception Attributes: array (
  'class' => 'CssController',
  'plugin' => NULL,
)
Request URL: /samed/css/smartadmin-skins.css
Stack Trace:
#0 D:\projetos\samed\app\webroot\index.php(141): Dispatcher->dispatch(Object(CakeRequest), Object(CakeResponse))
#1 {main}
2026-06-24 19:27:22 Error: [MissingControllerException] Controller class CssController could not be found.
Exception Attributes: array (
  'class' => 'CssController',
  'plugin' => NULL,
)
Request URL: /samed/css/font-google.css
Stack Trace:
#0 D:\projetos\samed\app\webroot\index.php(141): Dispatcher->dispatch(Object(CakeRequest), Object(CakeResponse))
#1 {main}
2026-06-24 19:27:22 Error: [MissingControllerException] Controller class CssController could not be found.
Exception Attributes: array (
  'class' => 'CssController',
  'plugin' => NULL,
)
Request URL: /samed/css/smartadmin-production.css
Stack Trace:
#0 D:\projetos\samed\app\webroot\index.php(141): Dispatcher->dispatch(Object(CakeRequest), Object(CakeResponse))
#1 {main}
2026-06-24 19:27:22 Error: [MissingControllerException] Controller class JsController could not be found.
Exception Attributes: array (
  'class' => 'JsController',
  'plugin' => NULL,
)
Request URL: /samed/js/plugin/pace/pace.min.js
Stack Trace:
#0 D:\projetos\samed\app\webroot\index.php(141): Dispatcher->dispatch(Object(CakeRequest), Object(CakeResponse))
#1 {main}
2026-06-24 19:27:22 Error: [MissingControllerException] Controller class JsController could not be found.
Exception Attributes: array (
  'class' => 'JsController',
  'plugin' => NULL,
)
Request URL: /samed/js/jquery.min.js
Stack Trace:
#0 D:\projetos\samed\app\webroot\index.php(141): Dispatcher->dispatch(Object(CakeRequest), Object(CakeResponse))
#1 {main}
2026-06-24 19:27:22 Error: [MissingControllerException] Controller class JsController could not be found.
Exception Attributes: array (
  'class' => 'JsController',
  'plugin' => NULL,
)
Request URL: /samed/js/jquery-ui.min.js
Stack Trace:
#0 D:\projetos\samed\app\webroot\index.php(141): Dispatcher->dispatch(Object(CakeRequest), Object(CakeResponse))
#1 {main}
2026-06-24 19:27:23 Error: [MissingControllerException] Controller class JsController could not be found.
Exception Attributes: array (
  'class' => 'JsController',
  'plugin' => NULL,
)
Request URL: /samed/js/jquery.min.js
Stack Trace:
#0 D:\projetos\samed\app\webroot\index.php(141): Dispatcher->dispatch(Object(CakeRequest), Object(CakeResponse))
#1 {main}
2026-06-24 19:27:23 Error: [MissingControllerException] Controller class JsController could not be found.
Exception Attributes: array (
  'class' => 'JsController',
  'plugin' => NULL,
)
Request URL: /samed/js/plugin/pace/pace.min.js
Stack Trace:
#0 D:\projetos\samed\app\webroot\index.php(141): Dispatcher->dispatch(Object(CakeRequest), Object(CakeResponse))
#1 {main}
2026-06-24 19:27:23 Error: [MissingControllerException] Controller class JsController could not be found.
Exception Attributes: array (
  'class' => 'JsController',
  'plugin' => NULL,
)
Request URL: /samed/js/jquery-ui.min.js
Stack Trace:
#0 D:\projetos\samed\app\webroot\index.php(141): Dispatcher->dispatch(Object(CakeRequest), Object(CakeResponse))
#1 {main}
2026-06-24 20:29:12 Error: [PDOException] SQLSTATE[42S22]: Column not found: 1054 Unknown column 'Beneficiario.afastado_id' in 'field list'
Request URL: /samed/admin/atendimento/add/511459/114696
Stack Trace:
#0 D:\projetos\samed\lib\Cake\Model\Datasource\DboSource.php(458): PDOStatement->execute(Array)
#1 D:\projetos\samed\lib\Cake\Model\Datasource\DboSource.php(424): DboSource->_execute('SELECT `Atendim...', Array)
#2 D:\projetos\samed\lib\Cake\Model\Datasource\DboSource.php(665): DboSource->execute('SELECT `Atendim...', Array, Array)
#3 D:\projetos\samed\lib\Cake\Model\Datasource\DboSource.php(1077): DboSource->fetchAll('SELECT `Atendim...', false)
#4 D:\projetos\samed\lib\Cake\Model\Model.php(2903): DboSource->read(Object(Atendimento), Array)
#5 D:\projetos\samed\lib\Cake\Model\Model.php(2875): Model->_readDataSource('first', Array)
#6 D:\projetos\samed\app\Controller\AtendimentoController.php(469): Model->find('first', Array)
#7 [internal function]: AtendimentoController->admin_add('511459', '114696')
#8 D:\projetos\samed\lib\Cake\Controller\Controller.php(490): ReflectionMethod->invokeArgs(Object(AtendimentoController), Array)
#9 D:\projetos\samed\lib\Cake\Routing\Dispatcher.php(185): Controller->invokeAction(Object(CakeRequest))
#10 D:\projetos\samed\lib\Cake\Routing\Dispatcher.php(160): Dispatcher->_invoke(Object(AtendimentoController), Object(CakeRequest), Object(CakeResponse))
#11 D:\projetos\samed\app\webroot\index.php(141): Dispatcher->dispatch(Object(CakeRequest), Object(CakeResponse))
#12 {main}
2026-06-24 20:29:12 Error: [MissingControllerException] Controller class CssController could not be found.
Exception Attributes: array (
  'class' => 'CssController',
  'plugin' => NULL,
)
Request URL: /samed/css/bootstrap.min.css
Stack Trace:
#0 D:\projetos\samed\app\webroot\index.php(141): Dispatcher->dispatch(Object(CakeRequest), Object(CakeResponse))
#1 {main}
2026-06-24 20:29:12 Error: [MissingControllerException] Controller class CssController could not be found.
Exception Attributes: array (
  'class' => 'CssController',
  'plugin' => NULL,
)
Request URL: /samed/css/font-awesome.min.css
Stack Trace:
#0 D:\projetos\samed\app\webroot\index.php(141): Dispatcher->dispatch(Object(CakeRequest), Object(CakeResponse))
#1 {main}
2026-06-24 20:29:12 Error: [MissingControllerException] Controller class CssController could not be found.
Exception Attributes: array (
  'class' => 'CssController',
  'plugin' => NULL,
)
Request URL: /samed/css/smartadmin-production.css
Stack Trace:
#0 D:\projetos\samed\app\webroot\index.php(141): Dispatcher->dispatch(Object(CakeRequest), Object(CakeResponse))
#1 {main}
2026-06-24 20:29:12 Error: [MissingControllerException] Controller class CssController could not be found.
Exception Attributes: array (
  'class' => 'CssController',
  'plugin' => NULL,
)
Request URL: /samed/css/smartadmin-skins.css
Stack Trace:
#0 D:\projetos\samed\app\webroot\index.php(141): Dispatcher->dispatch(Object(CakeRequest), Object(CakeResponse))
#1 {main}
2026-06-24 20:29:12 Error: [MissingControllerException] Controller class CssController could not be found.
Exception Attributes: array (
  'class' => 'CssController',
  'plugin' => NULL,
)
Request URL: /samed/css/demo.css
Stack Trace:
#0 D:\projetos\samed\app\webroot\index.php(141): Dispatcher->dispatch(Object(CakeRequest), Object(CakeResponse))
#1 {main}
2026-06-24 20:29:12 Error: [MissingControllerException] Controller class CssController could not be found.
Exception Attributes: array (
  'class' => 'CssController',
  'plugin' => NULL,
)
Request URL: /samed/css/font-google.css
Stack Trace:
#0 D:\projetos\samed\app\webroot\index.php(141): Dispatcher->dispatch(Object(CakeRequest), Object(CakeResponse))
#1 {main}
2026-06-24 20:29:12 Error: [MissingControllerException] Controller class JsController could not be found.
Exception Attributes: array (
  'class' => 'JsController',
  'plugin' => NULL,
)
Request URL: /samed/js/plugin/pace/pace.min.js
Stack Trace:
#0 D:\projetos\samed\app\webroot\index.php(141): Dispatcher->dispatch(Object(CakeRequest), Object(CakeResponse))
#1 {main}
2026-06-24 20:29:12 Error: [MissingControllerException] Controller class JsController could not be found.
Exception Attributes: array (
  'class' => 'JsController',
  'plugin' => NULL,
)
Request URL: /samed/js/jquery-ui.min.js
Stack Trace:
#0 D:\projetos\samed\app\webroot\index.php(141): Dispatcher->dispatch(Object(CakeRequest), Object(CakeResponse))
#1 {main}
2026-06-24 20:29:12 Error: [MissingControllerException] Controller class JsController could not be found.
Exception Attributes: array (
  'class' => 'JsController',
  'plugin' => NULL,
)
Request URL: /samed/js/jquery.min.js
Stack Trace:
#0 D:\projetos\samed\app\webroot\index.php(141): Dispatcher->dispatch(Object(CakeRequest), Object(CakeResponse))
#1 {main}
2026-06-24 20:29:13 Error: [MissingControllerException] Controller class JsController could not be found.
Exception Attributes: array (
  'class' => 'JsController',
  'plugin' => NULL,
)
Request URL: /samed/js/plugin/pace/pace.min.js
Stack Trace:
#0 D:\projetos\samed\app\webroot\index.php(141): Dispatcher->dispatch(Object(CakeRequest), Object(CakeResponse))
#1 {main}
2026-06-24 20:29:13 Error: [MissingControllerException] Controller class JsController could not be found.
Exception Attributes: array (
  'class' => 'JsController',
  'plugin' => NULL,
)
Request URL: /samed/js/jquery-ui.min.js
Stack Trace:
#0 D:\projetos\samed\app\webroot\index.php(141): Dispatcher->dispatch(Object(CakeRequest), Object(CakeResponse))
#1 {main}
2026-06-24 20:29:14 Error: [MissingControllerException] Controller class JsController could not be found.
Exception Attributes: array (
  'class' => 'JsController',
  'plugin' => NULL,
)
Request URL: /samed/js/jquery.min.js
Stack Trace:
#0 D:\projetos\samed\app\webroot\index.php(141): Dispatcher->dispatch(Object(CakeRequest), Object(CakeResponse))
#1 {main}
2026-06-24 20:34:12 Error: Fatal Error (1): Call to a member function bindModel() on a non-object in [D:\projetos\samed\app\Controller\AtendimentoController.php, line 468]
2026-06-24 20:34:12 Error: [FatalErrorException] Call to a member function bindModel() on a non-object
Request URL: /samed/admin/atendimento/add/511459/114696
Stack Trace:
#0 D:\projetos\samed\lib\Cake\Error\ErrorHandler.php(203): ErrorHandler::handleFatalError(1, 'Call to a membe...', 'D:\projetos\sam...', 468)
#1 [internal function]: ErrorHandler::handleError(1, 'Call to a membe...', 'D:\projetos\sam...', 468, Array)
#2 D:\projetos\samed\lib\Cake\Core\App.php(929): call_user_func('ErrorHandler::h...', 1, 'Call to a membe...', 'D:\projetos\sam...', 468, Array)
#3 D:\projetos\samed\lib\Cake\Core\App.php(902): App::_checkFatalError()
#4 [internal function]: App::shutdown()
#5 {main}
2026-06-24 20:34:13 Error: [MissingControllerException] Controller class CssController could not be found.
Exception Attributes: array (
  'class' => 'CssController',
  'plugin' => NULL,
)
Request URL: /samed/css/bootstrap.min.css
Stack Trace:
#0 D:\projetos\samed\app\webroot\index.php(141): Dispatcher->dispatch(Object(CakeRequest), Object(CakeResponse))
#1 {main}
2026-06-24 20:34:13 Error: [MissingControllerException] Controller class CssController could not be found.
Exception Attributes: array (
  'class' => 'CssController',
  'plugin' => NULL,
)
Request URL: /samed/css/smartadmin-skins.css
Stack Trace:
#0 D:\projetos\samed\app\webroot\index.php(141): Dispatcher->dispatch(Object(CakeRequest), Object(CakeResponse))
#1 {main}
2026-06-24 20:34:13 Error: [MissingControllerException] Controller class CssController could not be found.
Exception Attributes: array (
  'class' => 'CssController',
  'plugin' => NULL,
)
Request URL: /samed/css/demo.css
Stack Trace:
#0 D:\projetos\samed\app\webroot\index.php(141): Dispatcher->dispatch(Object(CakeRequest), Object(CakeResponse))
#1 {main}
2026-06-24 20:34:13 Error: [MissingControllerException] Controller class CssController could not be found.
Exception Attributes: array (
  'class' => 'CssController',
  'plugin' => NULL,
)
Request URL: /samed/css/font-google.css
Stack Trace:
#0 D:\projetos\samed\app\webroot\index.php(141): Dispatcher->dispatch(Object(CakeRequest), Object(CakeResponse))
#1 {main}
2026-06-24 20:34:13 Error: [MissingControllerException] Controller class CssController could not be found.
Exception Attributes: array (
  'class' => 'CssController',
  'plugin' => NULL,
)
Request URL: /samed/css/font-awesome.min.css
Stack Trace:
#0 D:\projetos\samed\app\webroot\index.php(141): Dispatcher->dispatch(Object(CakeRequest), Object(CakeResponse))
#1 {main}
2026-06-24 20:34:13 Error: [MissingControllerException] Controller class CssController could not be found.
Exception Attributes: array (
  'class' => 'CssController',
  'plugin' => NULL,
)
Request URL: /samed/css/smartadmin-production.css
Stack Trace:
#0 D:\projetos\samed\app\webroot\index.php(141): Dispatcher->dispatch(Object(CakeRequest), Object(CakeResponse))
#1 {main}
2026-06-24 20:34:13 Error: [MissingControllerException] Controller class JsController could not be found.
Exception Attributes: array (
  'class' => 'JsController',
  'plugin' => NULL,
)
Request URL: /samed/js/plugin/pace/pace.min.js
Stack Trace:
#0 D:\projetos\samed\app\webroot\index.php(141): Dispatcher->dispatch(Object(CakeRequest), Object(CakeResponse))
#1 {main}
2026-06-24 20:34:13 Error: [MissingControllerException] Controller class JsController could not be found.
Exception Attributes: array (
  'class' => 'JsController',
  'plugin' => NULL,
)
Request URL: /samed/js/jquery.min.js
Stack Trace:
#0 D:\projetos\samed\app\webroot\index.php(141): Dispatcher->dispatch(Object(CakeRequest), Object(CakeResponse))
#1 {main}
2026-06-24 20:34:13 Error: [MissingControllerException] Controller class JsController could not be found.
Exception Attributes: array (
  'class' => 'JsController',
  'plugin' => NULL,
)
Request URL: /samed/js/jquery-ui.min.js
Stack Trace:
#0 D:\projetos\samed\app\webroot\index.php(141): Dispatcher->dispatch(Object(CakeRequest), Object(CakeResponse))
#1 {main}
2026-06-24 20:34:14 Error: [MissingControllerException] Controller class JsController could not be found.
Exception Attributes: array (
  'class' => 'JsController',
  'plugin' => NULL,
)
Request URL: /samed/js/jquery.min.js
Stack Trace:
#0 D:\projetos\samed\app\webroot\index.php(141): Dispatcher->dispatch(Object(CakeRequest), Object(CakeResponse))
#1 {main}
2026-06-24 20:34:14 Error: [MissingControllerException] Controller class JsController could not be found.
Exception Attributes: array (
  'class' => 'JsController',
  'plugin' => NULL,
)
Request URL: /samed/js/jquery-ui.min.js
Stack Trace:
#0 D:\projetos\samed\app\webroot\index.php(141): Dispatcher->dispatch(Object(CakeRequest), Object(CakeResponse))
#1 {main}
2026-06-24 20:34:14 Error: [MissingControllerException] Controller class JsController could not be found.
Exception Attributes: array (
  'class' => 'JsController',
  'plugin' => NULL,
)
Request URL: /samed/js/plugin/pace/pace.min.js
Stack Trace:
#0 D:\projetos\samed\app\webroot\index.php(141): Dispatcher->dispatch(Object(CakeRequest), Object(CakeResponse))
#1 {main}
2026-07-12 01:15:02 Error: [MissingHelperException] Helper class AuthHelper could not be found.
Exception Attributes: array (
  'class' => 'AuthHelper',
  'plugin' => false,
)
Request URL: /samed/admin/home
Stack Trace:
#0 D:\projetos\samed\lib\Cake\View\HelperCollection.php(63): HelperCollection->load('Auth')
#1 D:\projetos\samed\lib\Cake\View\View.php(824): HelperCollection->__isset('Auth')
#2 D:\projetos\samed\app\View\Home\admin_index.ctp(212): View->__get('Auth')
#3 D:\projetos\samed\lib\Cake\View\View.php(935): include('D:\projetos\sam...')
#4 D:\projetos\samed\lib\Cake\View\View.php(897): View->_evaluate('D:\projetos\sam...', Array)
#5 D:\projetos\samed\lib\Cake\View\View.php(466): View->_render('D:\projetos\sam...')
#6 D:\projetos\samed\lib\Cake\Controller\Controller.php(989): View->render(NULL, NULL)
#7 D:\projetos\samed\lib\Cake\Routing\Dispatcher.php(192): Controller->render()
#8 D:\projetos\samed\lib\Cake\Routing\Dispatcher.php(160): Dispatcher->_invoke(Object(HomeController), Object(CakeRequest), Object(CakeResponse))
#9 D:\projetos\samed\app\webroot\index.php(141): Dispatcher->dispatch(Object(CakeRequest), Object(CakeResponse))
#10 {main}
2026-07-12 01:15:02 Error: [MissingControllerException] Controller class CssController could not be found.
Exception Attributes: array (
  'class' => 'CssController',
  'plugin' => NULL,
)
Request URL: /samed/css/bootstrap.min.css
Stack Trace:
#0 D:\projetos\samed\app\webroot\index.php(141): Dispatcher->dispatch(Object(CakeRequest), Object(CakeResponse))
#1 {main}
2026-07-12 01:15:02 Error: [MissingControllerException] Controller class CssController could not be found.
Exception Attributes: array (
  'class' => 'CssController',
  'plugin' => NULL,
)
Request URL: /samed/css/font-awesome.min.css
Stack Trace:
#0 D:\projetos\samed\app\webroot\index.php(141): Dispatcher->dispatch(Object(CakeRequest), Object(CakeResponse))
#1 {main}
2026-07-12 01:15:02 Error: [MissingControllerException] Controller class CssController could not be found.
Exception Attributes: array (
  'class' => 'CssController',
  'plugin' => NULL,
)
Request URL: /samed/css/smartadmin-skins.css
Stack Trace:
#0 D:\projetos\samed\app\webroot\index.php(141): Dispatcher->dispatch(Object(CakeRequest), Object(CakeResponse))
#1 {main}
2026-07-12 01:15:02 Error: [MissingControllerException] Controller class CssController could not be found.
Exception Attributes: array (
  'class' => 'CssController',
  'plugin' => NULL,
)
Request URL: /samed/css/font-google.css
Stack Trace:
#0 D:\projetos\samed\app\webroot\index.php(141): Dispatcher->dispatch(Object(CakeRequest), Object(CakeResponse))
#1 {main}
2026-07-12 01:15:02 Error: [MissingControllerException] Controller class CssController could not be found.
Exception Attributes: array (
  'class' => 'CssController',
  'plugin' => NULL,
)
Request URL: /samed/css/smartadmin-production.css
Stack Trace:
#0 D:\projetos\samed\app\webroot\index.php(141): Dispatcher->dispatch(Object(CakeRequest), Object(CakeResponse))
#1 {main}
2026-07-12 01:15:02 Error: [MissingControllerException] Controller class CssController could not be found.
Exception Attributes: array (
  'class' => 'CssController',
  'plugin' => NULL,
)
Request URL: /samed/css/demo.css
Stack Trace:
#0 D:\projetos\samed\app\webroot\index.php(141): Dispatcher->dispatch(Object(CakeRequest), Object(CakeResponse))
#1 {main}
2026-07-12 01:15:02 Error: [MissingControllerException] Controller class JsController could not be found.
Exception Attributes: array (
  'class' => 'JsController',
  'plugin' => NULL,
)
Request URL: /samed/js/plugin/pace/pace.min.js
Stack Trace:
#0 D:\projetos\samed\app\webroot\index.php(141): Dispatcher->dispatch(Object(CakeRequest), Object(CakeResponse))
#1 {main}
2026-07-12 01:15:03 Error: [MissingControllerException] Controller class JsController could not be found.
Exception Attributes: array (
  'class' => 'JsController',
  'plugin' => NULL,
)
Request URL: /samed/js/jquery.min.js
Stack Trace:
#0 D:\projetos\samed\app\webroot\index.php(141): Dispatcher->dispatch(Object(CakeRequest), Object(CakeResponse))
#1 {main}
2026-07-12 01:15:03 Error: [MissingControllerException] Controller class JsController could not be found.
Exception Attributes: array (
  'class' => 'JsController',
  'plugin' => NULL,
)
Request URL: /samed/js/jquery-ui.min.js
Stack Trace:
#0 D:\projetos\samed\app\webroot\index.php(141): Dispatcher->dispatch(Object(CakeRequest), Object(CakeResponse))
#1 {main}
2026-07-12 01:15:03 Error: [MissingControllerException] Controller class JsController could not be found.
Exception Attributes: array (
  'class' => 'JsController',
  'plugin' => NULL,
)
Request URL: /samed/js/jquery.min.js
Stack Trace:
#0 D:\projetos\samed\app\webroot\index.php(141): Dispatcher->dispatch(Object(CakeRequest), Object(CakeResponse))
#1 {main}
2026-07-12 01:15:03 Error: [MissingControllerException] Controller class JsController could not be found.
Exception Attributes: array (
  'class' => 'JsController',
  'plugin' => NULL,
)
Request URL: /samed/js/plugin/pace/pace.min.js
Stack Trace:
#0 D:\projetos\samed\app\webroot\index.php(141): Dispatcher->dispatch(Object(CakeRequest), Object(CakeResponse))
#1 {main}
2026-07-12 01:15:03 Error: [MissingControllerException] Controller class JsController could not be found.
Exception Attributes: array (
  'class' => 'JsController',
  'plugin' => NULL,
)
Request URL: /samed/js/jquery-ui.min.js
Stack Trace:
#0 D:\projetos\samed\app\webroot\index.php(141): Dispatcher->dispatch(Object(CakeRequest), Object(CakeResponse))
#1 {main}
2026-07-12 01:15:30 Error: Fatal Error (1): Call to undefined function read() in [D:\projetos\samed\app\View\Home\admin_index.ctp, line 212]
2026-07-12 01:15:30 Error: [FatalErrorException] Call to undefined function read()
Request URL: /samed/admin/home
Stack Trace:
#0 D:\projetos\samed\lib\Cake\Error\ErrorHandler.php(203): ErrorHandler::handleFatalError(1, 'Call to undefin...', 'D:\projetos\sam...', 212)
#1 [internal function]: ErrorHandler::handleError(1, 'Call to undefin...', 'D:\projetos\sam...', 212, Array)
#2 D:\projetos\samed\lib\Cake\Core\App.php(929): call_user_func('ErrorHandler::h...', 1, 'Call to undefin...', 'D:\projetos\sam...', 212, Array)
#3 D:\projetos\samed\lib\Cake\Core\App.php(902): App::_checkFatalError()
#4 [internal function]: App::shutdown()
#5 {main}
2026-07-12 01:15:30 Error: [MissingControllerException] Controller class CssController could not be found.
Exception Attributes: array (
  'class' => 'CssController',
  'plugin' => NULL,
)
Request URL: /samed/css/bootstrap.min.css
Stack Trace:
#0 D:\projetos\samed\app\webroot\index.php(141): Dispatcher->dispatch(Object(CakeRequest), Object(CakeResponse))
#1 {main}
2026-07-12 01:15:30 Error: [MissingControllerException] Controller class CssController could not be found.
Exception Attributes: array (
  'class' => 'CssController',
  'plugin' => NULL,
)
Request URL: /samed/css/smartadmin-production.css
Stack Trace:
#0 D:\projetos\samed\app\webroot\index.php(141): Dispatcher->dispatch(Object(CakeRequest), Object(CakeResponse))
#1 {main}
2026-07-12 01:15:30 Error: [MissingControllerException] Controller class CssController could not be found.
Exception Attributes: array (
  'class' => 'CssController',
  'plugin' => NULL,
)
Request URL: /samed/css/smartadmin-skins.css
Stack Trace:
#0 D:\projetos\samed\app\webroot\index.php(141): Dispatcher->dispatch(Object(CakeRequest), Object(CakeResponse))
#1 {main}
2026-07-12 01:15:30 Error: [MissingControllerException] Controller class CssController could not be found.
Exception Attributes: array (
  'class' => 'CssController',
  'plugin' => NULL,
)
Request URL: /samed/css/font-awesome.min.css
Stack Trace:
#0 D:\projetos\samed\app\webroot\index.php(141): Dispatcher->dispatch(Object(CakeRequest), Object(CakeResponse))
#1 {main}
2026-07-12 01:15:30 Error: [MissingControllerException] Controller class CssController could not be found.
Exception Attributes: array (
  'class' => 'CssController',
  'plugin' => NULL,
)
Request URL: /samed/css/font-google.css
Stack Trace:
#0 D:\projetos\samed\app\webroot\index.php(141): Dispatcher->dispatch(Object(CakeRequest), Object(CakeResponse))
#1 {main}
2026-07-12 01:15:30 Error: [MissingControllerException] Controller class CssController could not be found.
Exception Attributes: array (
  'class' => 'CssController',
  'plugin' => NULL,
)
Request URL: /samed/css/demo.css
Stack Trace:
#0 D:\projetos\samed\app\webroot\index.php(141): Dispatcher->dispatch(Object(CakeRequest), Object(CakeResponse))
#1 {main}
2026-07-12 01:15:31 Error: [MissingControllerException] Controller class JsController could not be found.
Exception Attributes: array (
  'class' => 'JsController',
  'plugin' => NULL,
)
Request URL: /samed/js/plugin/pace/pace.min.js
Stack Trace:
#0 D:\projetos\samed\app\webroot\index.php(141): Dispatcher->dispatch(Object(CakeRequest), Object(CakeResponse))
#1 {main}
2026-07-12 01:15:31 Error: [MissingControllerException] Controller class JsController could not be found.
Exception Attributes: array (
  'class' => 'JsController',
  'plugin' => NULL,
)
Request URL: /samed/js/jquery.min.js
Stack Trace:
#0 D:\projetos\samed\app\webroot\index.php(141): Dispatcher->dispatch(Object(CakeRequest), Object(CakeResponse))
#1 {main}
2026-07-12 01:15:31 Error: [MissingControllerException] Controller class JsController could not be found.
Exception Attributes: array (
  'class' => 'JsController',
  'plugin' => NULL,
)
Request URL: /samed/js/jquery-ui.min.js
Stack Trace:
#0 D:\projetos\samed\app\webroot\index.php(141): Dispatcher->dispatch(Object(CakeRequest), Object(CakeResponse))
#1 {main}
2026-07-12 01:15:31 Error: [MissingControllerException] Controller class JsController could not be found.
Exception Attributes: array (
  'class' => 'JsController',
  'plugin' => NULL,
)
Request URL: /samed/js/jquery.min.js
Stack Trace:
#0 D:\projetos\samed\app\webroot\index.php(141): Dispatcher->dispatch(Object(CakeRequest), Object(CakeResponse))
#1 {main}
2026-07-12 01:15:31 Error: [MissingControllerException] Controller class JsController could not be found.
Exception Attributes: array (
  'class' => 'JsController',
  'plugin' => NULL,
)
Request URL: /samed/js/jquery-ui.min.js
Stack Trace:
#0 D:\projetos\samed\app\webroot\index.php(141): Dispatcher->dispatch(Object(CakeRequest), Object(CakeResponse))
#1 {main}
2026-07-12 01:15:31 Error: [MissingControllerException] Controller class JsController could not be found.
Exception Attributes: array (
  'class' => 'JsController',
  'plugin' => NULL,
)
Request URL: /samed/js/plugin/pace/pace.min.js
Stack Trace:
#0 D:\projetos\samed\app\webroot\index.php(141): Dispatcher->dispatch(Object(CakeRequest), Object(CakeResponse))
#1 {main}
2026-07-12 01:16:08 Error: [MissingHelperException] Helper class AuthHelper could not be found.
Exception Attributes: array (
  'class' => 'AuthHelper',
  'plugin' => false,
)
Request URL: /samed/admin/home
Stack Trace:
#0 D:\projetos\samed\lib\Cake\View\HelperCollection.php(63): HelperCollection->load('Auth')
#1 D:\projetos\samed\lib\Cake\View\View.php(824): HelperCollection->__isset('Auth')
#2 D:\projetos\samed\app\View\Home\admin_index.ctp(212): View->__get('Auth')
#3 D:\projetos\samed\lib\Cake\View\View.php(935): include('D:\projetos\sam...')
#4 D:\projetos\samed\lib\Cake\View\View.php(897): View->_evaluate('D:\projetos\sam...', Array)
#5 D:\projetos\samed\lib\Cake\View\View.php(466): View->_render('D:\projetos\sam...')
#6 D:\projetos\samed\lib\Cake\Controller\Controller.php(989): View->render(NULL, NULL)
#7 D:\projetos\samed\lib\Cake\Routing\Dispatcher.php(192): Controller->render()
#8 D:\projetos\samed\lib\Cake\Routing\Dispatcher.php(160): Dispatcher->_invoke(Object(HomeController), Object(CakeRequest), Object(CakeResponse))
#9 D:\projetos\samed\app\webroot\index.php(141): Dispatcher->dispatch(Object(CakeRequest), Object(CakeResponse))
#10 {main}
2026-07-12 01:16:08 Error: [MissingControllerException] Controller class CssController could not be found.
Exception Attributes: array (
  'class' => 'CssController',
  'plugin' => NULL,
)
Request URL: /samed/css/bootstrap.min.css
Stack Trace:
#0 D:\projetos\samed\app\webroot\index.php(141): Dispatcher->dispatch(Object(CakeRequest), Object(CakeResponse))
#1 {main}
2026-07-12 01:16:08 Error: [MissingControllerException] Controller class CssController could not be found.
Exception Attributes: array (
  'class' => 'CssController',
  'plugin' => NULL,
)
Request URL: /samed/css/font-awesome.min.css
Stack Trace:
#0 D:\projetos\samed\app\webroot\index.php(141): Dispatcher->dispatch(Object(CakeRequest), Object(CakeResponse))
#1 {main}
2026-07-12 01:16:08 Error: [MissingControllerException] Controller class CssController could not be found.
Exception Attributes: array (
  'class' => 'CssController',
  'plugin' => NULL,
)
Request URL: /samed/css/smartadmin-skins.css
Stack Trace:
#0 D:\projetos\samed\app\webroot\index.php(141): Dispatcher->dispatch(Object(CakeRequest), Object(CakeResponse))
#1 {main}
2026-07-12 01:16:08 Error: [MissingControllerException] Controller class CssController could not be found.
Exception Attributes: array (
  'class' => 'CssController',
  'plugin' => NULL,
)
Request URL: /samed/css/smartadmin-production.css
Stack Trace:
#0 D:\projetos\samed\app\webroot\index.php(141): Dispatcher->dispatch(Object(CakeRequest), Object(CakeResponse))
#1 {main}
2026-07-12 01:16:08 Error: [MissingControllerException] Controller class CssController could not be found.
Exception Attributes: array (
  'class' => 'CssController',
  'plugin' => NULL,
)
Request URL: /samed/css/demo.css
Stack Trace:
#0 D:\projetos\samed\app\webroot\index.php(141): Dispatcher->dispatch(Object(CakeRequest), Object(CakeResponse))
#1 {main}
2026-07-12 01:16:08 Error: [MissingControllerException] Controller class CssController could not be found.
Exception Attributes: array (
  'class' => 'CssController',
  'plugin' => NULL,
)
Request URL: /samed/css/font-google.css
Stack Trace:
#0 D:\projetos\samed\app\webroot\index.php(141): Dispatcher->dispatch(Object(CakeRequest), Object(CakeResponse))
#1 {main}
2026-07-12 01:16:08 Error: [MissingControllerException] Controller class JsController could not be found.
Exception Attributes: array (
  'class' => 'JsController',
  'plugin' => NULL,
)
Request URL: /samed/js/plugin/pace/pace.min.js
Stack Trace:
#0 D:\projetos\samed\app\webroot\index.php(141): Dispatcher->dispatch(Object(CakeRequest), Object(CakeResponse))
#1 {main}
2026-07-12 01:16:08 Error: [MissingControllerException] Controller class JsController could not be found.
Exception Attributes: array (
  'class' => 'JsController',
  'plugin' => NULL,
)
Request URL: /samed/js/jquery.min.js
Stack Trace:
#0 D:\projetos\samed\app\webroot\index.php(141): Dispatcher->dispatch(Object(CakeRequest), Object(CakeResponse))
#1 {main}
2026-07-12 01:16:08 Error: [MissingControllerException] Controller class JsController could not be found.
Exception Attributes: array (
  'class' => 'JsController',
  'plugin' => NULL,
)
Request URL: /samed/js/jquery-ui.min.js
Stack Trace:
#0 D:\projetos\samed\app\webroot\index.php(141): Dispatcher->dispatch(Object(CakeRequest), Object(CakeResponse))
#1 {main}
2026-07-12 01:16:09 Error: [MissingControllerException] Controller class JsController could not be found.
Exception Attributes: array (
  'class' => 'JsController',
  'plugin' => NULL,
)
Request URL: /samed/js/jquery.min.js
Stack Trace:
#0 D:\projetos\samed\app\webroot\index.php(141): Dispatcher->dispatch(Object(CakeRequest), Object(CakeResponse))
#1 {main}
2026-07-12 01:16:09 Error: [MissingControllerException] Controller class JsController could not be found.
Exception Attributes: array (
  'class' => 'JsController',
  'plugin' => NULL,
)
Request URL: /samed/js/plugin/pace/pace.min.js
Stack Trace:
#0 D:\projetos\samed\app\webroot\index.php(141): Dispatcher->dispatch(Object(CakeRequest), Object(CakeResponse))
#1 {main}
2026-07-12 01:16:09 Error: [MissingControllerException] Controller class JsController could not be found.
Exception Attributes: array (
  'class' => 'JsController',
  'plugin' => NULL,
)
Request URL: /samed/js/jquery-ui.min.js
Stack Trace:
#0 D:\projetos\samed\app\webroot\index.php(141): Dispatcher->dispatch(Object(CakeRequest), Object(CakeResponse))
#1 {main}
2026-07-12 01:16:53 Error: Fatal Error (4): syntax error, unexpected ';' in [D:\projetos\samed\app\View\Home\admin_index.ctp, line 215]
2026-07-12 01:16:53 Error: [FatalErrorException] syntax error, unexpected ';'
Request URL: /samed/admin/home
Stack Trace:
#0 D:\projetos\samed\lib\Cake\Error\ErrorHandler.php(203): ErrorHandler::handleFatalError(4, 'syntax error, u...', 'D:\projetos\sam...', 215)
#1 [internal function]: ErrorHandler::handleError(4, 'syntax error, u...', 'D:\projetos\sam...', 215, Array)
#2 D:\projetos\samed\lib\Cake\Core\App.php(929): call_user_func('ErrorHandler::h...', 4, 'syntax error, u...', 'D:\projetos\sam...', 215, Array)
#3 D:\projetos\samed\lib\Cake\Core\App.php(902): App::_checkFatalError()
#4 [internal function]: App::shutdown()
#5 {main}
2026-07-12 01:16:53 Error: [MissingControllerException] Controller class CssController could not be found.
Exception Attributes: array (
  'class' => 'CssController',
  'plugin' => NULL,
)
Request URL: /samed/css/font-awesome.min.css
Stack Trace:
#0 D:\projetos\samed\app\webroot\index.php(141): Dispatcher->dispatch(Object(CakeRequest), Object(CakeResponse))
#1 {main}
2026-07-12 01:16:53 Error: [MissingControllerException] Controller class CssController could not be found.
Exception Attributes: array (
  'class' => 'CssController',
  'plugin' => NULL,
)
Request URL: /samed/css/bootstrap.min.css
Stack Trace:
#0 D:\projetos\samed\app\webroot\index.php(141): Dispatcher->dispatch(Object(CakeRequest), Object(CakeResponse))
#1 {main}
2026-07-12 01:16:53 Error: [MissingControllerException] Controller class CssController could not be found.
Exception Attributes: array (
  'class' => 'CssController',
  'plugin' => NULL,
)
Request URL: /samed/css/smartadmin-skins.css
Stack Trace:
#0 D:\projetos\samed\app\webroot\index.php(141): Dispatcher->dispatch(Object(CakeRequest), Object(CakeResponse))
#1 {main}
2026-07-12 01:16:53 Error: [MissingControllerException] Controller class CssController could not be found.
Exception Attributes: array (
  'class' => 'CssController',
  'plugin' => NULL,
)
Request URL: /samed/css/demo.css
Stack Trace:
#0 D:\projetos\samed\app\webroot\index.php(141): Dispatcher->dispatch(Object(CakeRequest), Object(CakeResponse))
#1 {main}
2026-07-12 01:16:53 Error: [MissingControllerException] Controller class CssController could not be found.
Exception Attributes: array (
  'class' => 'CssController',
  'plugin' => NULL,
)
Request URL: /samed/css/smartadmin-production.css
Stack Trace:
#0 D:\projetos\samed\app\webroot\index.php(141): Dispatcher->dispatch(Object(CakeRequest), Object(CakeResponse))
#1 {main}
2026-07-12 01:16:53 Error: [MissingControllerException] Controller class CssController could not be found.
Exception Attributes: array (
  'class' => 'CssController',
  'plugin' => NULL,
)
Request URL: /samed/css/font-google.css
Stack Trace:
#0 D:\projetos\samed\app\webroot\index.php(141): Dispatcher->dispatch(Object(CakeRequest), Object(CakeResponse))
#1 {main}
2026-07-12 01:16:53 Error: [MissingControllerException] Controller class JsController could not be found.
Exception Attributes: array (
  'class' => 'JsController',
  'plugin' => NULL,
)
Request URL: /samed/js/plugin/pace/pace.min.js
Stack Trace:
#0 D:\projetos\samed\app\webroot\index.php(141): Dispatcher->dispatch(Object(CakeRequest), Object(CakeResponse))
#1 {main}
2026-07-12 01:16:53 Error: [MissingControllerException] Controller class JsController could not be found.
Exception Attributes: array (
  'class' => 'JsController',
  'plugin' => NULL,
)
Request URL: /samed/js/jquery.min.js
Stack Trace:
#0 D:\projetos\samed\app\webroot\index.php(141): Dispatcher->dispatch(Object(CakeRequest), Object(CakeResponse))
#1 {main}
2026-07-12 01:16:54 Error: [MissingControllerException] Controller class JsController could not be found.
Exception Attributes: array (
  'class' => 'JsController',
  'plugin' => NULL,
)
Request URL: /samed/js/jquery-ui.min.js
Stack Trace:
#0 D:\projetos\samed\app\webroot\index.php(141): Dispatcher->dispatch(Object(CakeRequest), Object(CakeResponse))
#1 {main}
2026-07-12 01:16:54 Error: [MissingControllerException] Controller class JsController could not be found.
Exception Attributes: array (
  'class' => 'JsController',
  'plugin' => NULL,
)
Request URL: /samed/js/plugin/pace/pace.min.js
Stack Trace:
#0 D:\projetos\samed\app\webroot\index.php(141): Dispatcher->dispatch(Object(CakeRequest), Object(CakeResponse))
#1 {main}
2026-07-12 01:16:54 Error: [MissingControllerException] Controller class JsController could not be found.
Exception Attributes: array (
  'class' => 'JsController',
  'plugin' => NULL,
)
Request URL: /samed/js/jquery.min.js
Stack Trace:
#0 D:\projetos\samed\app\webroot\index.php(141): Dispatcher->dispatch(Object(CakeRequest), Object(CakeResponse))
#1 {main}
2026-07-12 01:16:54 Error: [MissingControllerException] Controller class JsController could not be found.
Exception Attributes: array (
  'class' => 'JsController',
  'plugin' => NULL,
)
Request URL: /samed/js/jquery-ui.min.js
Stack Trace:
#0 D:\projetos\samed\app\webroot\index.php(141): Dispatcher->dispatch(Object(CakeRequest), Object(CakeResponse))
#1 {main}
2026-07-12 01:24:34 Error: [MissingControllerException] Controller class SoundController could not be found.
Exception Attributes: array (
  'class' => 'SoundController',
  'plugin' => NULL,
)
Request URL: /samed/admin/sound/messagebox.mp3
Stack Trace:
#0 D:\projetos\samed\app\webroot\index.php(141): Dispatcher->dispatch(Object(CakeRequest), Object(CakeResponse))
#1 {main}
2026-07-12 01:26:49 Error: [MissingControllerException] Controller class SoundController could not be found.
Exception Attributes: array (
  'class' => 'SoundController',
  'plugin' => NULL,
)
Request URL: /samed/admin/sound/messagebox.mp3
Stack Trace:
#0 D:\projetos\samed\app\webroot\index.php(141): Dispatcher->dispatch(Object(CakeRequest), Object(CakeResponse))
#1 {main}
2026-07-21 20:02:29 Error: [MissingConnectionException] Database connection "Mysql" is missing, or could not be created.
Exception Attributes: array (
  'class' => 'Mysql',
  'message' => 'SQLSTATE[HY000] [2002] Nenhuma conexão pôde ser feita porque a máquina de destino as recusou ativamente.
',
  'enabled' => true,
)
Request URL: /samed/admin/
Stack Trace:
#0 D:\projetos\samed\lib\Cake\Model\Datasource\DboSource.php(260): Mysql->connect()
#1 D:\projetos\samed\lib\Cake\Model\ConnectionManager.php(105): DboSource->__construct(Array)
#2 D:\projetos\samed\lib\Cake\Model\Model.php(3477): ConnectionManager::getDataSource('default')
#3 D:\projetos\samed\lib\Cake\Model\Model.php(1126): Model->setDataSource('default')
#4 D:\projetos\samed\lib\Cake\Model\Model.php(3499): Model->setSource('grupo_empresari...')
#5 D:\projetos\samed\lib\Cake\Model\Model.php(2903): Model->getDataSource()
#6 D:\projetos\samed\lib\Cake\Model\Model.php(2875): Model->_readDataSource('first', Array)
#7 D:\projetos\samed\app\Controller\AppController.php(676): Model->find('first', Array)
#8 D:\projetos\samed\app\Controller\UsuarioController.php(29): AppController->beforeFilter()
#9 [internal function]: UsuarioController->beforeFilter(Object(CakeEvent))
#10 D:\projetos\samed\lib\Cake\Event\CakeEventManager.php(247): call_user_func(Array, Object(CakeEvent))
#11 D:\projetos\samed\lib\Cake\Controller\Controller.php(672): CakeEventManager->dispatch(Object(CakeEvent))
#12 D:\projetos\samed\lib\Cake\Routing\Dispatcher.php(182): Controller->startupProcess()
#13 D:\projetos\samed\lib\Cake\Routing\Dispatcher.php(160): Dispatcher->_invoke(Object(UsuarioController), Object(CakeRequest), Object(CakeResponse))
#14 D:\projetos\samed\app\webroot\index.php(141): Dispatcher->dispatch(Object(CakeRequest), Object(CakeResponse))
#15 {main}
2026-07-21 20:02:29 Error: [MissingConnectionException] Database connection "Mysql" is missing, or could not be created.
Exception Attributes: array (
  'class' => 'Mysql',
  'message' => 'SQLSTATE[HY000] [2002] Nenhuma conexão pôde ser feita porque a máquina de destino as recusou ativamente.
',
  'enabled' => true,
)
Request URL: /samed/admin/
Stack Trace:
#0 D:\projetos\samed\lib\Cake\Model\Datasource\DboSource.php(260): Mysql->connect()
#1 D:\projetos\samed\lib\Cake\Model\ConnectionManager.php(105): DboSource->__construct(Array)
#2 D:\projetos\samed\lib\Cake\Model\Model.php(3477): ConnectionManager::getDataSource('default')
#3 D:\projetos\samed\lib\Cake\Model\Model.php(1126): Model->setDataSource('default')
#4 D:\projetos\samed\lib\Cake\Model\Model.php(3499): Model->setSource('grupo_empresari...')
#5 D:\projetos\samed\lib\Cake\Model\Model.php(2903): Model->getDataSource()
#6 D:\projetos\samed\lib\Cake\Model\Model.php(2875): Model->_readDataSource('first', Array)
#7 D:\projetos\samed\app\Controller\AppController.php(676): Model->find('first', Array)
#8 D:\projetos\samed\app\Controller\UsuarioController.php(29): AppController->beforeFilter()
#9 [internal function]: UsuarioController->beforeFilter(Object(CakeEvent))
#10 D:\projetos\samed\lib\Cake\Event\CakeEventManager.php(247): call_user_func(Array, Object(CakeEvent))
#11 D:\projetos\samed\lib\Cake\Controller\Controller.php(672): CakeEventManager->dispatch(Object(CakeEvent))
#12 D:\projetos\samed\lib\Cake\Routing\Dispatcher.php(182): Controller->startupProcess()
#13 D:\projetos\samed\lib\Cake\Routing\Dispatcher.php(160): Dispatcher->_invoke(Object(UsuarioController), Object(CakeRequest), Object(CakeResponse))
#14 D:\projetos\samed\app\webroot\index.php(141): Dispatcher->dispatch(Object(CakeRequest), Object(CakeResponse))
#15 {main}
2026-07-21 20:02:29 Error: [MissingConnectionException] Database connection "Mysql" is missing, or could not be created.
Exception Attributes: array (
  'class' => 'Mysql',
  'message' => 'SQLSTATE[HY000] [2002] Nenhuma conexão pôde ser feita porque a máquina de destino as recusou ativamente.
',
  'enabled' => true,
)
Request URL: /samed/admin/
Stack Trace:
#0 D:\projetos\samed\lib\Cake\Model\Datasource\DboSource.php(260): Mysql->connect()
#1 D:\projetos\samed\lib\Cake\Model\ConnectionManager.php(105): DboSource->__construct(Array)
#2 D:\projetos\samed\lib\Cake\Model\Model.php(3477): ConnectionManager::getDataSource('default')
#3 D:\projetos\samed\lib\Cake\Model\Model.php(1126): Model->setDataSource('default')
#4 D:\projetos\samed\lib\Cake\Model\Model.php(3499): Model->setSource('grupo_empresari...')
#5 D:\projetos\samed\lib\Cake\Model\Model.php(2903): Model->getDataSource()
#6 D:\projetos\samed\lib\Cake\Model\Model.php(2875): Model->_readDataSource('first', Array)
#7 D:\projetos\samed\app\Controller\AppController.php(676): Model->find('first', Array)
#8 D:\projetos\samed\app\Controller\UsuarioController.php(29): AppController->beforeFilter()
#9 [internal function]: UsuarioController->beforeFilter(Object(CakeEvent))
#10 D:\projetos\samed\lib\Cake\Event\CakeEventManager.php(247): call_user_func(Array, Object(CakeEvent))
#11 D:\projetos\samed\lib\Cake\Controller\Controller.php(672): CakeEventManager->dispatch(Object(CakeEvent))
#12 D:\projetos\samed\lib\Cake\Routing\Dispatcher.php(182): Controller->startupProcess()
#13 D:\projetos\samed\lib\Cake\Routing\Dispatcher.php(160): Dispatcher->_invoke(Object(UsuarioController), Object(CakeRequest), Object(CakeResponse))
#14 D:\projetos\samed\app\webroot\index.php(141): Dispatcher->dispatch(Object(CakeRequest), Object(CakeResponse))
#15 {main}
2026-07-21 20:02:34 Error: [MissingControllerException] Controller class JsController could not be found.
Exception Attributes: array (
  'class' => 'JsController',
  'plugin' => NULL,
)
Request URL: /samed/js/foundation.min.js
Stack Trace:
#0 D:\projetos\samed\app\webroot\index.php(141): Dispatcher->dispatch(Object(CakeRequest), Object(CakeResponse))
#1 {main}
2026-07-21 20:02:39 Error: [MissingControllerException] Controller class JsController could not be found.
Exception Attributes: array (
  'class' => 'JsController',
  'plugin' => NULL,
)
Request URL: /samed/js/foundation.min.js
Stack Trace:
#0 D:\projetos\samed\app\webroot\index.php(141): Dispatcher->dispatch(Object(CakeRequest), Object(CakeResponse))
#1 {main}
2026-07-25 12:54:43 Error: Fatal Error (1): Call to a member function find() on a non-object in [D:\projetos\samed\app\Controller\ImportacaoController.php, line 253]
2026-07-25 12:54:43 Error: [FatalErrorException] Call to a member function find() on a non-object
Request URL: /samed/admin/importacao/add
Stack Trace:
#0 D:\projetos\samed\lib\Cake\Error\ErrorHandler.php(203): ErrorHandler::handleFatalError(1, 'Call to a membe...', 'D:\projetos\sam...', 253)
#1 [internal function]: ErrorHandler::handleError(1, 'Call to a membe...', 'D:\projetos\sam...', 253, Array)
#2 D:\projetos\samed\lib\Cake\Core\App.php(929): call_user_func('ErrorHandler::h...', 1, 'Call to a membe...', 'D:\projetos\sam...', 253, Array)
#3 D:\projetos\samed\lib\Cake\Core\App.php(902): App::_checkFatalError()
#4 [internal function]: App::shutdown()
#5 {main}
2026-07-25 12:54:44 Error: [MissingControllerException] Controller class CssController could not be found.
Exception Attributes: array (
  'class' => 'CssController',
  'plugin' => NULL,
)
Request URL: /samed/css/font-awesome.min.css
Stack Trace:
#0 D:\projetos\samed\app\webroot\index.php(141): Dispatcher->dispatch(Object(CakeRequest), Object(CakeResponse))
#1 {main}
2026-07-25 12:54:44 Error: [MissingControllerException] Controller class CssController could not be found.
Exception Attributes: array (
  'class' => 'CssController',
  'plugin' => NULL,
)
Request URL: /samed/css/demo.css
Stack Trace:
#0 D:\projetos\samed\app\webroot\index.php(141): Dispatcher->dispatch(Object(CakeRequest), Object(CakeResponse))
#1 {main}
2026-07-25 12:54:44 Error: [MissingControllerException] Controller class CssController could not be found.
Exception Attributes: array (
  'class' => 'CssController',
  'plugin' => NULL,
)
Request URL: /samed/css/bootstrap.min.css
Stack Trace:
#0 D:\projetos\samed\app\webroot\index.php(141): Dispatcher->dispatch(Object(CakeRequest), Object(CakeResponse))
#1 {main}
2026-07-25 12:54:44 Error: [MissingControllerException] Controller class CssController could not be found.
Exception Attributes: array (
  'class' => 'CssController',
  'plugin' => NULL,
)
Request URL: /samed/css/smartadmin-production.css
Stack Trace:
#0 D:\projetos\samed\app\webroot\index.php(141): Dispatcher->dispatch(Object(CakeRequest), Object(CakeResponse))
#1 {main}
2026-07-25 12:54:44 Error: [MissingControllerException] Controller class CssController could not be found.
Exception Attributes: array (
  'class' => 'CssController',
  'plugin' => NULL,
)
Request URL: /samed/css/smartadmin-skins.css
Stack Trace:
#0 D:\projetos\samed\app\webroot\index.php(141): Dispatcher->dispatch(Object(CakeRequest), Object(CakeResponse))
#1 {main}
2026-07-25 12:54:44 Error: [MissingControllerException] Controller class CssController could not be found.
Exception Attributes: array (
  'class' => 'CssController',
  'plugin' => NULL,
)
Request URL: /samed/css/font-google.css
Stack Trace:
#0 D:\projetos\samed\app\webroot\index.php(141): Dispatcher->dispatch(Object(CakeRequest), Object(CakeResponse))
#1 {main}
2026-07-25 12:54:44 Error: [MissingControllerException] Controller class JsController could not be found.
Exception Attributes: array (
  'class' => 'JsController',
  'plugin' => NULL,
)
Request URL: /samed/js/plugin/pace/pace.min.js
Stack Trace:
#0 D:\projetos\samed\app\webroot\index.php(141): Dispatcher->dispatch(Object(CakeRequest), Object(CakeResponse))
#1 {main}
2026-07-25 12:54:44 Error: [MissingControllerException] Controller class JsController could not be found.
Exception Attributes: array (
  'class' => 'JsController',
  'plugin' => NULL,
)
Request URL: /samed/js/jquery.min.js
Stack Trace:
#0 D:\projetos\samed\app\webroot\index.php(141): Dispatcher->dispatch(Object(CakeRequest), Object(CakeResponse))
#1 {main}
2026-07-25 12:54:45 Error: [MissingControllerException] Controller class JsController could not be found.
Exception Attributes: array (
  'class' => 'JsController',
  'plugin' => NULL,
)
Request URL: /samed/js/jquery-ui.min.js
Stack Trace:
#0 D:\projetos\samed\app\webroot\index.php(141): Dispatcher->dispatch(Object(CakeRequest), Object(CakeResponse))
#1 {main}
2026-07-25 12:54:45 Error: [MissingControllerException] Controller class JsController could not be found.
Exception Attributes: array (
  'class' => 'JsController',
  'plugin' => NULL,
)
Request URL: /samed/js/jquery-ui.min.js
Stack Trace:
#0 D:\projetos\samed\app\webroot\index.php(141): Dispatcher->dispatch(Object(CakeRequest), Object(CakeResponse))
#1 {main}
2026-07-25 12:54:45 Error: [MissingControllerException] Controller class JsController could not be found.
Exception Attributes: array (
  'class' => 'JsController',
  'plugin' => NULL,
)
Request URL: /samed/js/plugin/pace/pace.min.js
Stack Trace:
#0 D:\projetos\samed\app\webroot\index.php(141): Dispatcher->dispatch(Object(CakeRequest), Object(CakeResponse))
#1 {main}
2026-07-25 12:54:45 Error: [MissingControllerException] Controller class JsController could not be found.
Exception Attributes: array (
  'class' => 'JsController',
  'plugin' => NULL,
)
Request URL: /samed/js/jquery.min.js
Stack Trace:
#0 D:\projetos\samed\app\webroot\index.php(141): Dispatcher->dispatch(Object(CakeRequest), Object(CakeResponse))
#1 {main}
2026-07-25 13:42:44 Error: Fatal Error (4): syntax error, unexpected ':', expecting ';' or '{' in [D:\projetos\samed\app\Controller\ImportacaoController.php, line 177]
2026-07-25 13:42:44 Error: [FatalErrorException] syntax error, unexpected ':', expecting ';' or '{'
Request URL: /samed/admin/importacao/add
Stack Trace:
#0 D:\projetos\samed\lib\Cake\Error\ErrorHandler.php(203): ErrorHandler::handleFatalError(4, 'syntax error, u...', 'D:\projetos\sam...', 177)
#1 [internal function]: ErrorHandler::handleError(4, 'syntax error, u...', 'D:\projetos\sam...', 177, Array)
#2 D:\projetos\samed\lib\Cake\Core\App.php(929): call_user_func('ErrorHandler::h...', 4, 'syntax error, u...', 'D:\projetos\sam...', 177, Array)
#3 D:\projetos\samed\lib\Cake\Core\App.php(902): App::_checkFatalError()
#4 [internal function]: App::shutdown()
#5 {main}
2026-07-25 13:42:45 Error: [MissingControllerException] Controller class CssController could not be found.
Exception Attributes: array (
  'class' => 'CssController',
  'plugin' => NULL,
)
Request URL: /samed/css/bootstrap.min.css
Stack Trace:
#0 D:\projetos\samed\app\webroot\index.php(141): Dispatcher->dispatch(Object(CakeRequest), Object(CakeResponse))
#1 {main}
2026-07-25 13:42:45 Error: [MissingControllerException] Controller class CssController could not be found.
Exception Attributes: array (
  'class' => 'CssController',
  'plugin' => NULL,
)
Request URL: /samed/css/font-awesome.min.css
Stack Trace:
#0 D:\projetos\samed\app\webroot\index.php(141): Dispatcher->dispatch(Object(CakeRequest), Object(CakeResponse))
#1 {main}
2026-07-25 13:42:45 Error: [MissingControllerException] Controller class CssController could not be found.
Exception Attributes: array (
  'class' => 'CssController',
  'plugin' => NULL,
)
Request URL: /samed/css/smartadmin-production.css
Stack Trace:
#0 D:\projetos\samed\app\webroot\index.php(141): Dispatcher->dispatch(Object(CakeRequest), Object(CakeResponse))
#1 {main}
2026-07-25 13:42:45 Error: [MissingControllerException] Controller class CssController could not be found.
Exception Attributes: array (
  'class' => 'CssController',
  'plugin' => NULL,
)
Request URL: /samed/css/demo.css
Stack Trace:
#0 D:\projetos\samed\app\webroot\index.php(141): Dispatcher->dispatch(Object(CakeRequest), Object(CakeResponse))
#1 {main}
2026-07-25 13:42:45 Error: [MissingControllerException] Controller class CssController could not be found.
Exception Attributes: array (
  'class' => 'CssController',
  'plugin' => NULL,
)
Request URL: /samed/css/smartadmin-skins.css
Stack Trace:
#0 D:\projetos\samed\app\webroot\index.php(141): Dispatcher->dispatch(Object(CakeRequest), Object(CakeResponse))
#1 {main}
2026-07-25 13:42:45 Error: [MissingControllerException] Controller class CssController could not be found.
Exception Attributes: array (
  'class' => 'CssController',
  'plugin' => NULL,
)
Request URL: /samed/css/font-google.css
Stack Trace:
#0 D:\projetos\samed\app\webroot\index.php(141): Dispatcher->dispatch(Object(CakeRequest), Object(CakeResponse))
#1 {main}
2026-07-25 13:42:45 Error: [MissingControllerException] Controller class JsController could not be found.
Exception Attributes: array (
  'class' => 'JsController',
  'plugin' => NULL,
)
Request URL: /samed/js/plugin/pace/pace.min.js
Stack Trace:
#0 D:\projetos\samed\app\webroot\index.php(141): Dispatcher->dispatch(Object(CakeRequest), Object(CakeResponse))
#1 {main}
2026-07-25 13:42:45 Error: [MissingControllerException] Controller class JsController could not be found.
Exception Attributes: array (
  'class' => 'JsController',
  'plugin' => NULL,
)
Request URL: /samed/js/jquery.min.js
Stack Trace:
#0 D:\projetos\samed\app\webroot\index.php(141): Dispatcher->dispatch(Object(CakeRequest), Object(CakeResponse))
#1 {main}
2026-07-25 13:42:45 Error: [MissingControllerException] Controller class JsController could not be found.
Exception Attributes: array (
  'class' => 'JsController',
  'plugin' => NULL,
)
Request URL: /samed/js/jquery-ui.min.js
Stack Trace:
#0 D:\projetos\samed\app\webroot\index.php(141): Dispatcher->dispatch(Object(CakeRequest), Object(CakeResponse))
#1 {main}
2026-07-25 13:42:46 Error: [MissingControllerException] Controller class JsController could not be found.
Exception Attributes: array (
  'class' => 'JsController',
  'plugin' => NULL,
)
Request URL: /samed/js/plugin/pace/pace.min.js
Stack Trace:
#0 D:\projetos\samed\app\webroot\index.php(141): Dispatcher->dispatch(Object(CakeRequest), Object(CakeResponse))
#1 {main}
2026-07-25 13:42:46 Error: [MissingControllerException] Controller class JsController could not be found.
Exception Attributes: array (
  'class' => 'JsController',
  'plugin' => NULL,
)
Request URL: /samed/js/jquery.min.js
Stack Trace:
#0 D:\projetos\samed\app\webroot\index.php(141): Dispatcher->dispatch(Object(CakeRequest), Object(CakeResponse))
#1 {main}
2026-07-25 13:42:46 Error: [MissingControllerException] Controller class JsController could not be found.
Exception Attributes: array (
  'class' => 'JsController',
  'plugin' => NULL,
)
Request URL: /samed/js/jquery-ui.min.js
Stack Trace:
#0 D:\projetos\samed\app\webroot\index.php(141): Dispatcher->dispatch(Object(CakeRequest), Object(CakeResponse))
#1 {main}
2026-07-25 13:43:03 Error: Fatal Error (4): syntax error, unexpected '$dataSource' (T_VARIABLE) in [D:\projetos\samed\app\Controller\ImportacaoController.php, line 492]
2026-07-25 13:43:03 Error: [FatalErrorException] syntax error, unexpected '$dataSource' (T_VARIABLE)
Request URL: /samed/admin/importacao/add
Stack Trace:
#0 D:\projetos\samed\lib\Cake\Error\ErrorHandler.php(203): ErrorHandler::handleFatalError(4, 'syntax error, u...', 'D:\projetos\sam...', 492)
#1 [internal function]: ErrorHandler::handleError(4, 'syntax error, u...', 'D:\projetos\sam...', 492, Array)
#2 D:\projetos\samed\lib\Cake\Core\App.php(929): call_user_func('ErrorHandler::h...', 4, 'syntax error, u...', 'D:\projetos\sam...', 492, Array)
#3 D:\projetos\samed\lib\Cake\Core\App.php(902): App::_checkFatalError()
#4 [internal function]: App::shutdown()
#5 {main}
2026-07-25 13:43:03 Error: [MissingControllerException] Controller class CssController could not be found.
Exception Attributes: array (
  'class' => 'CssController',
  'plugin' => NULL,
)
Request URL: /samed/css/smartadmin-production.css
Stack Trace:
#0 D:\projetos\samed\app\webroot\index.php(141): Dispatcher->dispatch(Object(CakeRequest), Object(CakeResponse))
#1 {main}
2026-07-25 13:43:03 Error: [MissingControllerException] Controller class CssController could not be found.
Exception Attributes: array (
  'class' => 'CssController',
  'plugin' => NULL,
)
Request URL: /samed/css/font-awesome.min.css
Stack Trace:
#0 D:\projetos\samed\app\webroot\index.php(141): Dispatcher->dispatch(Object(CakeRequest), Object(CakeResponse))
#1 {main}
2026-07-25 13:43:03 Error: [MissingControllerException] Controller class CssController could not be found.
Exception Attributes: array (
  'class' => 'CssController',
  'plugin' => NULL,
)
Request URL: /samed/css/bootstrap.min.css
Stack Trace:
#0 D:\projetos\samed\app\webroot\index.php(141): Dispatcher->dispatch(Object(CakeRequest), Object(CakeResponse))
#1 {main}
2026-07-25 13:43:03 Error: [MissingControllerException] Controller class CssController could not be found.
Exception Attributes: array (
  'class' => 'CssController',
  'plugin' => NULL,
)
Request URL: /samed/css/smartadmin-skins.css
Stack Trace:
#0 D:\projetos\samed\app\webroot\index.php(141): Dispatcher->dispatch(Object(CakeRequest), Object(CakeResponse))
#1 {main}
2026-07-25 13:43:03 Error: [MissingControllerException] Controller class CssController could not be found.
Exception Attributes: array (
  'class' => 'CssController',
  'plugin' => NULL,
)
Request URL: /samed/css/font-google.css
Stack Trace:
#0 D:\projetos\samed\app\webroot\index.php(141): Dispatcher->dispatch(Object(CakeRequest), Object(CakeResponse))
#1 {main}
2026-07-25 13:43:03 Error: [MissingControllerException] Controller class CssController could not be found.
Exception Attributes: array (
  'class' => 'CssController',
  'plugin' => NULL,
)
Request URL: /samed/css/demo.css
Stack Trace:
#0 D:\projetos\samed\app\webroot\index.php(141): Dispatcher->dispatch(Object(CakeRequest), Object(CakeResponse))
#1 {main}
2026-07-25 13:43:03 Error: [MissingControllerException] Controller class JsController could not be found.
Exception Attributes: array (
  'class' => 'JsController',
  'plugin' => NULL,
)
Request URL: /samed/js/plugin/pace/pace.min.js
Stack Trace:
#0 D:\projetos\samed\app\webroot\index.php(141): Dispatcher->dispatch(Object(CakeRequest), Object(CakeResponse))
#1 {main}
2026-07-25 13:43:04 Error: [MissingControllerException] Controller class JsController could not be found.
Exception Attributes: array (
  'class' => 'JsController',
  'plugin' => NULL,
)
Request URL: /samed/js/jquery.min.js
Stack Trace:
#0 D:\projetos\samed\app\webroot\index.php(141): Dispatcher->dispatch(Object(CakeRequest), Object(CakeResponse))
#1 {main}
2026-07-25 13:43:04 Error: [MissingControllerException] Controller class JsController could not be found.
Exception Attributes: array (
  'class' => 'JsController',
  'plugin' => NULL,
)
Request URL: /samed/js/jquery-ui.min.js
Stack Trace:
#0 D:\projetos\samed\app\webroot\index.php(141): Dispatcher->dispatch(Object(CakeRequest), Object(CakeResponse))
#1 {main}
2026-07-25 13:43:04 Error: [MissingControllerException] Controller class JsController could not be found.
Exception Attributes: array (
  'class' => 'JsController',
  'plugin' => NULL,
)
Request URL: /samed/js/jquery.min.js
Stack Trace:
#0 D:\projetos\samed\app\webroot\index.php(141): Dispatcher->dispatch(Object(CakeRequest), Object(CakeResponse))
#1 {main}
2026-07-25 13:43:04 Error: [MissingControllerException] Controller class JsController could not be found.
Exception Attributes: array (
  'class' => 'JsController',
  'plugin' => NULL,
)
Request URL: /samed/js/jquery-ui.min.js
Stack Trace:
#0 D:\projetos\samed\app\webroot\index.php(141): Dispatcher->dispatch(Object(CakeRequest), Object(CakeResponse))
#1 {main}
2026-07-25 13:43:04 Error: [MissingControllerException] Controller class JsController could not be found.
Exception Attributes: array (
  'class' => 'JsController',
  'plugin' => NULL,
)
Request URL: /samed/js/plugin/pace/pace.min.js
Stack Trace:
#0 D:\projetos\samed\app\webroot\index.php(141): Dispatcher->dispatch(Object(CakeRequest), Object(CakeResponse))
#1 {main}
2026-07-25 13:43:32 Error: Fatal Error (4): syntax error, unexpected '$dataSource' (T_VARIABLE) in [D:\projetos\samed\app\Controller\ImportacaoController.php, line 492]
2026-07-25 13:43:32 Error: [FatalErrorException] syntax error, unexpected '$dataSource' (T_VARIABLE)
Request URL: /samed/admin/importacao/add
Stack Trace:
#0 D:\projetos\samed\lib\Cake\Error\ErrorHandler.php(203): ErrorHandler::handleFatalError(4, 'syntax error, u...', 'D:\projetos\sam...', 492)
#1 [internal function]: ErrorHandler::handleError(4, 'syntax error, u...', 'D:\projetos\sam...', 492, Array)
#2 D:\projetos\samed\lib\Cake\Core\App.php(929): call_user_func('ErrorHandler::h...', 4, 'syntax error, u...', 'D:\projetos\sam...', 492, Array)
#3 D:\projetos\samed\lib\Cake\Core\App.php(902): App::_checkFatalError()
#4 [internal function]: App::shutdown()
#5 {main}
2026-07-25 13:43:58 Error: Fatal Error (4): syntax error, unexpected '$dataSource' (T_VARIABLE) in [D:\projetos\samed\app\Controller\ImportacaoController.php, line 492]
2026-07-25 13:43:58 Error: [FatalErrorException] syntax error, unexpected '$dataSource' (T_VARIABLE)
Request URL: /samed/admin/importacao
Stack Trace:
#0 D:\projetos\samed\lib\Cake\Error\ErrorHandler.php(203): ErrorHandler::handleFatalError(4, 'syntax error, u...', 'D:\projetos\sam...', 492)
#1 [internal function]: ErrorHandler::handleError(4, 'syntax error, u...', 'D:\projetos\sam...', 492, Array)
#2 D:\projetos\samed\lib\Cake\Core\App.php(929): call_user_func('ErrorHandler::h...', 4, 'syntax error, u...', 'D:\projetos\sam...', 492, Array)
#3 D:\projetos\samed\lib\Cake\Core\App.php(902): App::_checkFatalError()
#4 [internal function]: App::shutdown()
#5 {main}
2026-07-25 13:43:59 Error: [MissingControllerException] Controller class CssController could not be found.
Exception Attributes: array (
  'class' => 'CssController',
  'plugin' => NULL,
)
Request URL: /samed/css/smartadmin-production.css
Stack Trace:
#0 D:\projetos\samed\app\webroot\index.php(141): Dispatcher->dispatch(Object(CakeRequest), Object(CakeResponse))
#1 {main}
2026-07-25 13:43:59 Error: [MissingControllerException] Controller class CssController could not be found.
Exception Attributes: array (
  'class' => 'CssController',
  'plugin' => NULL,
)
Request URL: /samed/css/font-google.css
Stack Trace:
#0 D:\projetos\samed\app\webroot\index.php(141): Dispatcher->dispatch(Object(CakeRequest), Object(CakeResponse))
#1 {main}
2026-07-25 13:43:59 Error: [MissingControllerException] Controller class CssController could not be found.
Exception Attributes: array (
  'class' => 'CssController',
  'plugin' => NULL,
)
Request URL: /samed/css/font-awesome.min.css
Stack Trace:
#0 D:\projetos\samed\app\webroot\index.php(141): Dispatcher->dispatch(Object(CakeRequest), Object(CakeResponse))
#1 {main}
2026-07-25 13:43:59 Error: [MissingControllerException] Controller class CssController could not be found.
Exception Attributes: array (
  'class' => 'CssController',
  'plugin' => NULL,
)
Request URL: /samed/css/bootstrap.min.css
Stack Trace:
#0 D:\projetos\samed\app\webroot\index.php(141): Dispatcher->dispatch(Object(CakeRequest), Object(CakeResponse))
#1 {main}
2026-07-25 13:43:59 Error: [MissingControllerException] Controller class CssController could not be found.
Exception Attributes: array (
  'class' => 'CssController',
  'plugin' => NULL,
)
Request URL: /samed/css/demo.css
Stack Trace:
#0 D:\projetos\samed\app\webroot\index.php(141): Dispatcher->dispatch(Object(CakeRequest), Object(CakeResponse))
#1 {main}
2026-07-25 13:43:59 Error: [MissingControllerException] Controller class CssController could not be found.
Exception Attributes: array (
  'class' => 'CssController',
  'plugin' => NULL,
)
Request URL: /samed/css/smartadmin-skins.css
Stack Trace:
#0 D:\projetos\samed\app\webroot\index.php(141): Dispatcher->dispatch(Object(CakeRequest), Object(CakeResponse))
#1 {main}
2026-07-25 13:43:59 Error: [MissingControllerException] Controller class JsController could not be found.
Exception Attributes: array (
  'class' => 'JsController',
  'plugin' => NULL,
)
Request URL: /samed/js/plugin/pace/pace.min.js
Stack Trace:
#0 D:\projetos\samed\app\webroot\index.php(141): Dispatcher->dispatch(Object(CakeRequest), Object(CakeResponse))
#1 {main}
2026-07-25 13:43:59 Error: [MissingControllerException] Controller class JsController could not be found.
Exception Attributes: array (
  'class' => 'JsController',
  'plugin' => NULL,
)
Request URL: /samed/js/jquery-ui.min.js
Stack Trace:
#0 D:\projetos\samed\app\webroot\index.php(141): Dispatcher->dispatch(Object(CakeRequest), Object(CakeResponse))
#1 {main}
2026-07-25 13:43:59 Error: [MissingControllerException] Controller class JsController could not be found.
Exception Attributes: array (
  'class' => 'JsController',
  'plugin' => NULL,
)
Request URL: /samed/js/jquery.min.js
Stack Trace:
#0 D:\projetos\samed\app\webroot\index.php(141): Dispatcher->dispatch(Object(CakeRequest), Object(CakeResponse))
#1 {main}
2026-07-25 13:44:00 Error: [MissingControllerException] Controller class JsController could not be found.
Exception Attributes: array (
  'class' => 'JsController',
  'plugin' => NULL,
)
Request URL: /samed/js/plugin/pace/pace.min.js
Stack Trace:
#0 D:\projetos\samed\app\webroot\index.php(141): Dispatcher->dispatch(Object(CakeRequest), Object(CakeResponse))
#1 {main}
2026-07-25 13:44:00 Error: [MissingControllerException] Controller class JsController could not be found.
Exception Attributes: array (
  'class' => 'JsController',
  'plugin' => NULL,
)
Request URL: /samed/js/jquery-ui.min.js
Stack Trace:
#0 D:\projetos\samed\app\webroot\index.php(141): Dispatcher->dispatch(Object(CakeRequest), Object(CakeResponse))
#1 {main}
2026-07-25 13:44:00 Error: [MissingControllerException] Controller class JsController could not be found.
Exception Attributes: array (
  'class' => 'JsController',
  'plugin' => NULL,
)
Request URL: /samed/js/jquery.min.js
Stack Trace:
#0 D:\projetos\samed\app\webroot\index.php(141): Dispatcher->dispatch(Object(CakeRequest), Object(CakeResponse))
#1 {main}
2026-07-26 23:03:33 Error: Fatal Error (4): syntax error, unexpected '?' in [D:\projetos\samed\app\Controller\ImportacaoController.php, line 647]
2026-07-26 23:03:33 Error: [FatalErrorException] syntax error, unexpected '?'
Request URL: /samed/admin/importacao/add
Stack Trace:
#0 D:\projetos\samed\lib\Cake\Error\ErrorHandler.php(203): ErrorHandler::handleFatalError(4, 'syntax error, u...', 'D:\projetos\sam...', 647)
#1 [internal function]: ErrorHandler::handleError(4, 'syntax error, u...', 'D:\projetos\sam...', 647, Array)
#2 D:\projetos\samed\lib\Cake\Core\App.php(929): call_user_func('ErrorHandler::h...', 4, 'syntax error, u...', 'D:\projetos\sam...', 647, Array)
#3 D:\projetos\samed\lib\Cake\Core\App.php(902): App::_checkFatalError()
#4 [internal function]: App::shutdown()
#5 {main}
2026-07-26 23:33:16 Error: Fatal Error (4): syntax error, unexpected '?' in [D:\projetos\samed\app\Controller\ImportacaoController.php, line 647]
2026-07-26 23:33:16 Error: [FatalErrorException] syntax error, unexpected '?'
Request URL: /samed/admin/importacao
Stack Trace:
#0 D:\projetos\samed\lib\Cake\Error\ErrorHandler.php(203): ErrorHandler::handleFatalError(4, 'syntax error, u...', 'D:\projetos\sam...', 647)
#1 [internal function]: ErrorHandler::handleError(4, 'syntax error, u...', 'D:\projetos\sam...', 647, Array)
#2 D:\projetos\samed\lib\Cake\Core\App.php(929): call_user_func('ErrorHandler::h...', 4, 'syntax error, u...', 'D:\projetos\sam...', 647, Array)
#3 D:\projetos\samed\lib\Cake\Core\App.php(902): App::_checkFatalError()
#4 [internal function]: App::shutdown()
#5 {main}
2026-07-26 23:33:18 Error: [MissingControllerException] Controller class JsController could not be found.
Exception Attributes: array (
  'class' => 'JsController',
  'plugin' => NULL,
)
Request URL: /samed/js/jquery.min.js
Stack Trace:
#0 D:\projetos\samed\app\webroot\index.php(141): Dispatcher->dispatch(Object(CakeRequest), Object(CakeResponse))
#1 {main}
2026-07-26 23:33:18 Error: [MissingControllerException] Controller class CssController could not be found.
Exception Attributes: array (
  'class' => 'CssController',
  'plugin' => NULL,
)
Request URL: /samed/css/font-google.css
Stack Trace:
#0 D:\projetos\samed\app\webroot\index.php(141): Dispatcher->dispatch(Object(CakeRequest), Object(CakeResponse))
#1 {main}
2026-07-26 23:33:18 Error: [MissingControllerException] Controller class CssController could not be found.
Exception Attributes: array (
  'class' => 'CssController',
  'plugin' => NULL,
)
Request URL: /samed/css/demo.css
Stack Trace:
#0 D:\projetos\samed\app\webroot\index.php(141): Dispatcher->dispatch(Object(CakeRequest), Object(CakeResponse))
#1 {main}
2026-07-26 23:33:18 Error: [MissingControllerException] Controller class CssController could not be found.
Exception Attributes: array (
  'class' => 'CssController',
  'plugin' => NULL,
)
Request URL: /samed/css/bootstrap.min.css
Stack Trace:
#0 D:\projetos\samed\app\webroot\index.php(141): Dispatcher->dispatch(Object(CakeRequest), Object(CakeResponse))
#1 {main}
2026-07-26 23:33:18 Error: [MissingControllerException] Controller class JsController could not be found.
Exception Attributes: array (
  'class' => 'JsController',
  'plugin' => NULL,
)
Request URL: /samed/js/plugin/pace/pace.min.js
Stack Trace:
#0 D:\projetos\samed\app\webroot\index.php(141): Dispatcher->dispatch(Object(CakeRequest), Object(CakeResponse))
#1 {main}
2026-07-26 23:33:18 Error: [MissingControllerException] Controller class CssController could not be found.
Exception Attributes: array (
  'class' => 'CssController',
  'plugin' => NULL,
)
Request URL: /samed/css/font-awesome.min.css
Stack Trace:
#0 D:\projetos\samed\app\webroot\index.php(141): Dispatcher->dispatch(Object(CakeRequest), Object(CakeResponse))
#1 {main}
2026-07-26 23:33:19 Error: [MissingControllerException] Controller class CssController could not be found.
Exception Attributes: array (
  'class' => 'CssController',
  'plugin' => NULL,
)
Request URL: /samed/css/smartadmin-skins.css
Stack Trace:
#0 D:\projetos\samed\app\webroot\index.php(141): Dispatcher->dispatch(Object(CakeRequest), Object(CakeResponse))
#1 {main}
2026-07-26 23:33:19 Error: [MissingControllerException] Controller class CssController could not be found.
Exception Attributes: array (
  'class' => 'CssController',
  'plugin' => NULL,
)
Request URL: /samed/css/smartadmin-production.css
Stack Trace:
#0 D:\projetos\samed\app\webroot\index.php(141): Dispatcher->dispatch(Object(CakeRequest), Object(CakeResponse))
#1 {main}
2026-07-26 23:33:19 Error: [MissingControllerException] Controller class JsController could not be found.
Exception Attributes: array (
  'class' => 'JsController',
  'plugin' => NULL,
)
Request URL: /samed/js/jquery-ui.min.js
Stack Trace:
#0 D:\projetos\samed\app\webroot\index.php(141): Dispatcher->dispatch(Object(CakeRequest), Object(CakeResponse))
#1 {main}
2026-07-26 23:33:21 Error: [MissingControllerException] Controller class JsController could not be found.
Exception Attributes: array (
  'class' => 'JsController',
  'plugin' => NULL,
)
Request URL: /samed/js/jquery-ui.min.js
Stack Trace:
#0 D:\projetos\samed\app\webroot\index.php(141): Dispatcher->dispatch(Object(CakeRequest), Object(CakeResponse))
#1 {main}
2026-07-26 23:33:21 Error: [MissingControllerException] Controller class JsController could not be found.
Exception Attributes: array (
  'class' => 'JsController',
  'plugin' => NULL,
)
Request URL: /samed/js/jquery.min.js
Stack Trace:
#0 D:\projetos\samed\app\webroot\index.php(141): Dispatcher->dispatch(Object(CakeRequest), Object(CakeResponse))
#1 {main}
2026-07-26 23:33:21 Error: [MissingControllerException] Controller class JsController could not be found.
Exception Attributes: array (
  'class' => 'JsController',
  'plugin' => NULL,
)
Request URL: /samed/js/plugin/pace/pace.min.js
Stack Trace:
#0 D:\projetos\samed\app\webroot\index.php(141): Dispatcher->dispatch(Object(CakeRequest), Object(CakeResponse))
#1 {main}
2026-07-26 23:33:44 Error: Fatal Error (4): syntax error, unexpected '?' in [D:\projetos\samed\app\Controller\ImportacaoController.php, line 647]
2026-07-26 23:33:44 Error: [FatalErrorException] syntax error, unexpected '?'
Request URL: /samed/admin/importacao
Stack Trace:
#0 D:\projetos\samed\lib\Cake\Error\ErrorHandler.php(203): ErrorHandler::handleFatalError(4, 'syntax error, u...', 'D:\projetos\sam...', 647)
#1 [internal function]: ErrorHandler::handleError(4, 'syntax error, u...', 'D:\projetos\sam...', 647, Array)
#2 D:\projetos\samed\lib\Cake\Core\App.php(929): call_user_func('ErrorHandler::h...', 4, 'syntax error, u...', 'D:\projetos\sam...', 647, Array)
#3 D:\projetos\samed\lib\Cake\Core\App.php(902): App::_checkFatalError()
#4 [internal function]: App::shutdown()
#5 {main}
2026-07-26 23:33:45 Error: [MissingControllerException] Controller class CssController could not be found.
Exception Attributes: array (
  'class' => 'CssController',
  'plugin' => NULL,
)
Request URL: /samed/css/demo.css
Stack Trace:
#0 D:\projetos\samed\app\webroot\index.php(141): Dispatcher->dispatch(Object(CakeRequest), Object(CakeResponse))
#1 {main}
2026-07-26 23:33:45 Error: [MissingControllerException] Controller class CssController could not be found.
Exception Attributes: array (
  'class' => 'CssController',
  'plugin' => NULL,
)
Request URL: /samed/css/font-google.css
Stack Trace:
#0 D:\projetos\samed\app\webroot\index.php(141): Dispatcher->dispatch(Object(CakeRequest), Object(CakeResponse))
#1 {main}
2026-07-26 23:33:45 Error: [MissingControllerException] Controller class CssController could not be found.
Exception Attributes: array (
  'class' => 'CssController',
  'plugin' => NULL,
)
Request URL: /samed/css/smartadmin-skins.css
Stack Trace:
#0 D:\projetos\samed\app\webroot\index.php(141): Dispatcher->dispatch(Object(CakeRequest), Object(CakeResponse))
#1 {main}
2026-07-26 23:33:45 Error: [MissingControllerException] Controller class CssController could not be found.
Exception Attributes: array (
  'class' => 'CssController',
  'plugin' => NULL,
)
Request URL: /samed/css/smartadmin-production.css
Stack Trace:
#0 D:\projetos\samed\app\webroot\index.php(141): Dispatcher->dispatch(Object(CakeRequest), Object(CakeResponse))
#1 {main}
2026-07-26 23:33:45 Error: [MissingControllerException] Controller class CssController could not be found.
Exception Attributes: array (
  'class' => 'CssController',
  'plugin' => NULL,
)
Request URL: /samed/css/bootstrap.min.css
Stack Trace:
#0 D:\projetos\samed\app\webroot\index.php(141): Dispatcher->dispatch(Object(CakeRequest), Object(CakeResponse))
#1 {main}
2026-07-26 23:33:45 Error: [MissingControllerException] Controller class CssController could not be found.
Exception Attributes: array (
  'class' => 'CssController',
  'plugin' => NULL,
)
Request URL: /samed/css/font-awesome.min.css
Stack Trace:
#0 D:\projetos\samed\app\webroot\index.php(141): Dispatcher->dispatch(Object(CakeRequest), Object(CakeResponse))
#1 {main}
2026-07-26 23:33:45 Error: [MissingControllerException] Controller class JsController could not be found.
Exception Attributes: array (
  'class' => 'JsController',
  'plugin' => NULL,
)
Request URL: /samed/js/plugin/pace/pace.min.js
Stack Trace:
#0 D:\projetos\samed\app\webroot\index.php(141): Dispatcher->dispatch(Object(CakeRequest), Object(CakeResponse))
#1 {main}
2026-07-26 23:33:45 Error: [MissingControllerException] Controller class JsController could not be found.
Exception Attributes: array (
  'class' => 'JsController',
  'plugin' => NULL,
)
Request URL: /samed/js/jquery.min.js
Stack Trace:
#0 D:\projetos\samed\app\webroot\index.php(141): Dispatcher->dispatch(Object(CakeRequest), Object(CakeResponse))
#1 {main}
2026-07-26 23:33:45 Error: [MissingControllerException] Controller class JsController could not be found.
Exception Attributes: array (
  'class' => 'JsController',
  'plugin' => NULL,
)
Request URL: /samed/js/jquery-ui.min.js
Stack Trace:
#0 D:\projetos\samed\app\webroot\index.php(141): Dispatcher->dispatch(Object(CakeRequest), Object(CakeResponse))
#1 {main}
2026-07-26 23:33:46 Error: [MissingControllerException] Controller class JsController could not be found.
Exception Attributes: array (
  'class' => 'JsController',
  'plugin' => NULL,
)
Request URL: /samed/js/plugin/pace/pace.min.js
Stack Trace:
#0 D:\projetos\samed\app\webroot\index.php(141): Dispatcher->dispatch(Object(CakeRequest), Object(CakeResponse))
#1 {main}
2026-07-26 23:33:46 Error: [MissingControllerException] Controller class JsController could not be found.
Exception Attributes: array (
  'class' => 'JsController',
  'plugin' => NULL,
)
Request URL: /samed/js/jquery-ui.min.js
Stack Trace:
#0 D:\projetos\samed\app\webroot\index.php(141): Dispatcher->dispatch(Object(CakeRequest), Object(CakeResponse))
#1 {main}
2026-07-26 23:33:46 Error: [MissingControllerException] Controller class JsController could not be found.
Exception Attributes: array (
  'class' => 'JsController',
  'plugin' => NULL,
)
Request URL: /samed/js/jquery.min.js
Stack Trace:
#0 D:\projetos\samed\app\webroot\index.php(141): Dispatcher->dispatch(Object(CakeRequest), Object(CakeResponse))
#1 {main}
2026-07-26 23:34:28 Error: Fatal Error (4): syntax error, unexpected '?' in [D:\projetos\samed\app\Controller\ImportacaoController.php, line 677]
2026-07-26 23:34:28 Error: [FatalErrorException] syntax error, unexpected '?'
Request URL: /samed/admin/importacao
Stack Trace:
#0 D:\projetos\samed\lib\Cake\Error\ErrorHandler.php(203): ErrorHandler::handleFatalError(4, 'syntax error, u...', 'D:\projetos\sam...', 677)
#1 [internal function]: ErrorHandler::handleError(4, 'syntax error, u...', 'D:\projetos\sam...', 677, Array)
#2 D:\projetos\samed\lib\Cake\Core\App.php(929): call_user_func('ErrorHandler::h...', 4, 'syntax error, u...', 'D:\projetos\sam...', 677, Array)
#3 D:\projetos\samed\lib\Cake\Core\App.php(902): App::_checkFatalError()
#4 [internal function]: App::shutdown()
#5 {main}
2026-07-26 23:34:29 Error: [MissingControllerException] Controller class CssController could not be found.
Exception Attributes: array (
  'class' => 'CssController',
  'plugin' => NULL,
)
Request URL: /samed/css/smartadmin-skins.css
Stack Trace:
#0 D:\projetos\samed\app\webroot\index.php(141): Dispatcher->dispatch(Object(CakeRequest), Object(CakeResponse))
#1 {main}
2026-07-26 23:34:29 Error: [MissingControllerException] Controller class CssController could not be found.
Exception Attributes: array (
  'class' => 'CssController',
  'plugin' => NULL,
)
Request URL: /samed/css/bootstrap.min.css
Stack Trace:
#0 D:\projetos\samed\app\webroot\index.php(141): Dispatcher->dispatch(Object(CakeRequest), Object(CakeResponse))
#1 {main}
2026-07-26 23:34:29 Error: [MissingControllerException] Controller class CssController could not be found.
Exception Attributes: array (
  'class' => 'CssController',
  'plugin' => NULL,
)
Request URL: /samed/css/font-awesome.min.css
Stack Trace:
#0 D:\projetos\samed\app\webroot\index.php(141): Dispatcher->dispatch(Object(CakeRequest), Object(CakeResponse))
#1 {main}
2026-07-26 23:34:30 Error: [MissingControllerException] Controller class CssController could not be found.
Exception Attributes: array (
  'class' => 'CssController',
  'plugin' => NULL,
)
Request URL: /samed/css/demo.css
Stack Trace:
#0 D:\projetos\samed\app\webroot\index.php(141): Dispatcher->dispatch(Object(CakeRequest), Object(CakeResponse))
#1 {main}
2026-07-26 23:34:30 Error: [MissingControllerException] Controller class CssController could not be found.
Exception Attributes: array (
  'class' => 'CssController',
  'plugin' => NULL,
)
Request URL: /samed/css/smartadmin-production.css
Stack Trace:
#0 D:\projetos\samed\app\webroot\index.php(141): Dispatcher->dispatch(Object(CakeRequest), Object(CakeResponse))
#1 {main}
2026-07-26 23:34:30 Error: [MissingControllerException] Controller class CssController could not be found.
Exception Attributes: array (
  'class' => 'CssController',
  'plugin' => NULL,
)
Request URL: /samed/css/font-google.css
Stack Trace:
#0 D:\projetos\samed\app\webroot\index.php(141): Dispatcher->dispatch(Object(CakeRequest), Object(CakeResponse))
#1 {main}
2026-07-26 23:34:30 Error: [MissingControllerException] Controller class JsController could not be found.
Exception Attributes: array (
  'class' => 'JsController',
  'plugin' => NULL,
)
Request URL: /samed/js/plugin/pace/pace.min.js
Stack Trace:
#0 D:\projetos\samed\app\webroot\index.php(141): Dispatcher->dispatch(Object(CakeRequest), Object(CakeResponse))
#1 {main}
2026-07-26 23:34:30 Error: [MissingControllerException] Controller class JsController could not be found.
Exception Attributes: array (
  'class' => 'JsController',
  'plugin' => NULL,
)
Request URL: /samed/js/jquery.min.js
Stack Trace:
#0 D:\projetos\samed\app\webroot\index.php(141): Dispatcher->dispatch(Object(CakeRequest), Object(CakeResponse))
#1 {main}
2026-07-26 23:34:30 Error: [MissingControllerException] Controller class JsController could not be found.
Exception Attributes: array (
  'class' => 'JsController',
  'plugin' => NULL,
)
Request URL: /samed/js/jquery-ui.min.js
Stack Trace:
#0 D:\projetos\samed\app\webroot\index.php(141): Dispatcher->dispatch(Object(CakeRequest), Object(CakeResponse))
#1 {main}
2026-07-26 23:34:31 Error: [MissingControllerException] Controller class JsController could not be found.
Exception Attributes: array (
  'class' => 'JsController',
  'plugin' => NULL,
)
Request URL: /samed/js/jquery-ui.min.js
Stack Trace:
#0 D:\projetos\samed\app\webroot\index.php(141): Dispatcher->dispatch(Object(CakeRequest), Object(CakeResponse))
#1 {main}
2026-07-26 23:34:31 Error: [MissingControllerException] Controller class JsController could not be found.
Exception Attributes: array (
  'class' => 'JsController',
  'plugin' => NULL,
)
Request URL: /samed/js/jquery.min.js
Stack Trace:
#0 D:\projetos\samed\app\webroot\index.php(141): Dispatcher->dispatch(Object(CakeRequest), Object(CakeResponse))
#1 {main}
2026-07-26 23:34:31 Error: [MissingControllerException] Controller class JsController could not be found.
Exception Attributes: array (
  'class' => 'JsController',
  'plugin' => NULL,
)
Request URL: /samed/js/plugin/pace/pace.min.js
Stack Trace:
#0 D:\projetos\samed\app\webroot\index.php(141): Dispatcher->dispatch(Object(CakeRequest), Object(CakeResponse))
#1 {main}
2026-07-31 23:03:33 Error: [MissingControllerException] Controller class ImgController could not be found.
Exception Attributes: array (
  'class' => 'ImgController',
  'plugin' => NULL,
)
Request URL: /samed/img/uploads/usuario/mini/screenshot-2026-01-02-030613_1767334010.png
Stack Trace:
#0 D:\projetos\samed\app\webroot\index.php(141): Dispatcher->dispatch(Object(CakeRequest), Object(CakeResponse))
#1 {main}
2026-07-31 23:03:33 Error: [MissingControllerException] Controller class ImgController could not be found.
Exception Attributes: array (
  'class' => 'ImgController',
  'plugin' => NULL,
)
Request URL: /samed/img/uploads/usuario/mini/fabio_1562608875.png
Stack Trace:
#0 D:\projetos\samed\app\webroot\index.php(141): Dispatcher->dispatch(Object(CakeRequest), Object(CakeResponse))
#1 {main}
2026-07-31 23:05:30 Error: [MissingControllerException] Controller class SoundController could not be found.
Exception Attributes: array (
  'class' => 'SoundController',
  'plugin' => NULL,
)
Request URL: /samed/admin/sound/messagebox.mp3
Stack Trace:
#0 D:\projetos\samed\app\webroot\index.php(141): Dispatcher->dispatch(Object(CakeRequest), Object(CakeResponse))
#1 {main}
2026-08-05 07:13:11 Error: [Exception] Aviso: Tipo de importaÃ§Ã£o nÃ£o disponÃ­vel no momento, tente novamente mais tarde!
Request URL: /samed/admin/importacao/add
Stack Trace:
#0 D:\projetos\samed\app\Controller\ImportacaoController.php(559): ImportacaoController->valida_tipo_importacao()
#1 [internal function]: ImportacaoController->admin_add()
#2 D:\projetos\samed\lib\Cake\Controller\Controller.php(490): ReflectionMethod->invokeArgs(Object(ImportacaoController), Array)
#3 D:\projetos\samed\lib\Cake\Routing\Dispatcher.php(185): Controller->invokeAction(Object(CakeRequest))
#4 D:\projetos\samed\lib\Cake\Routing\Dispatcher.php(160): Dispatcher->_invoke(Object(ImportacaoController), Object(CakeRequest), Object(CakeResponse))
#5 D:\projetos\samed\app\webroot\index.php(141): Dispatcher->dispatch(Object(CakeRequest), Object(CakeResponse))
#6 {main}
2026-08-05 07:13:12 Error: [MissingControllerException] Controller class CssController could not be found.
Exception Attributes: array (
  'class' => 'CssController',
  'plugin' => NULL,
)
Request URL: /samed/css/font-awesome.min.css
Stack Trace:
#0 D:\projetos\samed\app\webroot\index.php(141): Dispatcher->dispatch(Object(CakeRequest), Object(CakeResponse))
#1 {main}
2026-08-05 07:13:12 Error: [MissingControllerException] Controller class CssController could not be found.
Exception Attributes: array (
  'class' => 'CssController',
  'plugin' => NULL,
)
Request URL: /samed/css/bootstrap.min.css
Stack Trace:
#0 D:\projetos\samed\app\webroot\index.php(141): Dispatcher->dispatch(Object(CakeRequest), Object(CakeResponse))
#1 {main}
2026-08-05 07:13:12 Error: [MissingControllerException] Controller class CssController could not be found.
Exception Attributes: array (
  'class' => 'CssController',
  'plugin' => NULL,
)
Request URL: /samed/css/smartadmin-production.css
Stack Trace:
#0 D:\projetos\samed\app\webroot\index.php(141): Dispatcher->dispatch(Object(CakeRequest), Object(CakeResponse))
#1 {main}
2026-08-05 07:13:12 Error: [MissingControllerException] Controller class CssController could not be found.
Exception Attributes: array (
  'class' => 'CssController',
  'plugin' => NULL,
)
Request URL: /samed/css/font-google.css
Stack Trace:
#0 D:\projetos\samed\app\webroot\index.php(141): Dispatcher->dispatch(Object(CakeRequest), Object(CakeResponse))
#1 {main}
2026-08-05 07:13:12 Error: [MissingControllerException] Controller class CssController could not be found.
Exception Attributes: array (
  'class' => 'CssController',
  'plugin' => NULL,
)
Request URL: /samed/css/demo.css
Stack Trace:
#0 D:\projetos\samed\app\webroot\index.php(141): Dispatcher->dispatch(Object(CakeRequest), Object(CakeResponse))
#1 {main}
2026-08-05 07:13:12 Error: [MissingControllerException] Controller class CssController could not be found.
Exception Attributes: array (
  'class' => 'CssController',
  'plugin' => NULL,
)
Request URL: /samed/css/smartadmin-skins.css
Stack Trace:
#0 D:\projetos\samed\app\webroot\index.php(141): Dispatcher->dispatch(Object(CakeRequest), Object(CakeResponse))
#1 {main}
2026-08-05 07:13:12 Error: [MissingControllerException] Controller class JsController could not be found.
Exception Attributes: array (
  'class' => 'JsController',
  'plugin' => NULL,
)
Request URL: /samed/js/plugin/pace/pace.min.js
Stack Trace:
#0 D:\projetos\samed\app\webroot\index.php(141): Dispatcher->dispatch(Object(CakeRequest), Object(CakeResponse))
#1 {main}
2026-08-05 07:13:12 Error: [MissingControllerException] Controller class JsController could not be found.
Exception Attributes: array (
  'class' => 'JsController',
  'plugin' => NULL,
)
Request URL: /samed/js/jquery.min.js
Stack Trace:
#0 D:\projetos\samed\app\webroot\index.php(141): Dispatcher->dispatch(Object(CakeRequest), Object(CakeResponse))
#1 {main}
2026-08-05 07:13:12 Error: [MissingControllerException] Controller class JsController could not be found.
Exception Attributes: array (
  'class' => 'JsController',
  'plugin' => NULL,
)
Request URL: /samed/js/jquery-ui.min.js
Stack Trace:
#0 D:\projetos\samed\app\webroot\index.php(141): Dispatcher->dispatch(Object(CakeRequest), Object(CakeResponse))
#1 {main}
2026-08-05 07:13:13 Error: [MissingControllerException] Controller class JsController could not be found.
Exception Attributes: array (
  'class' => 'JsController',
  'plugin' => NULL,
)
Request URL: /samed/js/jquery.min.js
Stack Trace:
#0 D:\projetos\samed\app\webroot\index.php(141): Dispatcher->dispatch(Object(CakeRequest), Object(CakeResponse))
#1 {main}
2026-08-05 07:13:13 Error: [MissingControllerException] Controller class JsController could not be found.
Exception Attributes: array (
  'class' => 'JsController',
  'plugin' => NULL,
)
Request URL: /samed/js/plugin/pace/pace.min.js
Stack Trace:
#0 D:\projetos\samed\app\webroot\index.php(141): Dispatcher->dispatch(Object(CakeRequest), Object(CakeResponse))
#1 {main}
2026-08-05 07:13:13 Error: [MissingControllerException] Controller class JsController could not be found.
Exception Attributes: array (
  'class' => 'JsController',
  'plugin' => NULL,
)
Request URL: /samed/js/jquery-ui.min.js
Stack Trace:
#0 D:\projetos\samed\app\webroot\index.php(141): Dispatcher->dispatch(Object(CakeRequest), Object(CakeResponse))
#1 {main}
2026-08-09 01:45:39 Error: [MissingControllerException] Controller class SoundController could not be found.
Exception Attributes: array (
  'class' => 'SoundController',
  'plugin' => NULL,
)
Request URL: /samed/admin/sound/messagebox.mp3
Stack Trace:
#0 D:\projetos\samed\app\webroot\index.php(141): Dispatcher->dispatch(Object(CakeRequest), Object(CakeResponse))
#1 {main}
2026-08-09 01:47:31 Error: [MissingConnectionException] Database connection "Mysql" is missing, or could not be created.
Exception Attributes: array (
  'class' => 'Mysql',
  'message' => 'SQLSTATE[HY000] [2002] Nenhuma conexão pôde ser feita porque a máquina de destino as recusou ativamente.
',
  'enabled' => true,
)
Request URL: /samed/admin/beneficiario/view/511459
Stack Trace:
#0 D:\projetos\samed\lib\Cake\Model\Datasource\DboSource.php(260): Mysql->connect()
#1 D:\projetos\samed\lib\Cake\Model\ConnectionManager.php(105): DboSource->__construct(Array)
#2 D:\projetos\samed\lib\Cake\Model\Model.php(3477): ConnectionManager::getDataSource('default')
#3 D:\projetos\samed\lib\Cake\Model\Model.php(1126): Model->setDataSource('default')
#4 D:\projetos\samed\lib\Cake\Model\Model.php(3499): Model->setSource('modulo')
#5 D:\projetos\samed\lib\Cake\Model\Model.php(2903): Model->getDataSource()
#6 D:\projetos\samed\lib\Cake\Model\Model.php(2875): Model->_readDataSource('all', Array)
#7 D:\projetos\samed\app\Controller\AppController.php(289): Model->find('all', Array)
#8 D:\projetos\samed\app\Controller\BeneficiarioController.php(28): AppController->beforeFilter()
#9 [internal function]: BeneficiarioController->beforeFilter(Object(CakeEvent))
#10 D:\projetos\samed\lib\Cake\Event\CakeEventManager.php(247): call_user_func(Array, Object(CakeEvent))
#11 D:\projetos\samed\lib\Cake\Controller\Controller.php(672): CakeEventManager->dispatch(Object(CakeEvent))
#12 D:\projetos\samed\lib\Cake\Routing\Dispatcher.php(182): Controller->startupProcess()
#13 D:\projetos\samed\lib\Cake\Routing\Dispatcher.php(160): Dispatcher->_invoke(Object(BeneficiarioController), Object(CakeRequest), Object(CakeResponse))
#14 D:\projetos\samed\app\webroot\index.php(141): Dispatcher->dispatch(Object(CakeRequest), Object(CakeResponse))
#15 {main}
